,Temperature,Light,CO2,HumidityRatio
0,19.396378,1.8533058999999998,465.20703,0.0036585703000000004
1,19.395535,1.8533058999999998,465.84555,0.0036555333
2,19.394460000000002,1.8533058999999998,465.71777000000003,0.0036537766
3,19.392784,1.8533058999999998,465.14554000000004,0.003653435
4,19.389973,1.8533058999999998,464.3013,0.003652909
5,19.385517,1.8533058999999998,463.94745,0.003652072
6,19.379023,1.8533088,463.90445,0.0036508678
7,19.370260000000002,1.8533088,464.00104000000005,0.003649259
8,19.359169,1.8533058999999998,463.96637000000004,0.0036471982
9,19.356189999999998,1.8533058999999998,463.76334,0.0036474178000000003
10,19.342776999999998,1.8533058999999998,463.9164,0.0036448848
11,19.328644,1.8533058999999998,464.1493,0.0036420668
12,19.313969,1.8533058999999998,464.47675,0.0036388938
13,19.318495000000002,1.8533058999999998,464.87924000000004,0.0036373474
14,19.323393,1.8533088,464.36545,0.0036386312
15,19.328329999999998,1.8533088,463.76232999999996,0.0036396133
16,19.333004000000003,1.8533058999999998,463.08905,0.0036369313
17,19.337435,1.8533058999999998,462.9049,0.003635207
18,19.341555,1.8533058999999998,463.6436,0.0036345765
19,19.325516,1.8533058999999998,464.36758,0.003628213
20,19.308277,1.8533058999999998,464.1846,0.0036211242
21,19.31006,1.8533058999999998,464.26544,0.00361974
22,19.312397,1.8533088,464.50458,0.0036201766
23,19.31515,1.8533088,464.83356,0.0036205316
24,19.318129000000003,1.8533058999999998,465.61282,0.0036206847999999997
25,19.32114,1.8533058999999998,466.37747,0.00362053
26,19.324238,1.8533058999999998,466.96964,0.0036200401
27,19.317507,1.8533058999999998,467.31985,0.0036165349
28,19.32011,1.8533058999999998,467.69318,0.0036151165000000004
29,19.322689999999998,1.8533058999999998,468.07224,0.0036133441999999997
30,19.318773,1.8533092,468.49945,0.003609476
31,19.311335,1.8533092,468.55895999999996,0.0036059269
32,19.31338,1.8533058999999998,468.53668,0.0036063255
33,19.315557000000002,1.8533058999999998,469.10125999999997,0.0036067353000000003
34,19.317736,1.8533058999999998,468.92978,0.0036071366999999997
35,19.319794,1.8533058999999998,468.62927,0.0036075145
36,19.31194,1.8533058999999998,468.09198,0.0036052077000000003
37,19.31364,1.8533058999999998,467.56384,0.0036052957
38,19.316164,1.8533088,467.2244,0.0036053870000000003
39,19.32004,1.8533088,467.0263,0.0036054992
40,19.31587,1.8533058999999998,466.912,0.0036046652
41,19.323225,1.8533058999999998,467.40427,0.0036048242
42,19.333025,1.8533058999999998,467.61925999999994,0.0036049959999999996
43,19.345243,1.8533058999999998,467.74957,0.0036051184999999998
44,19.35999,1.8533058999999998,468.0863,0.003605225
45,19.3771,1.8533058999999998,468.5838,0.0036053017
46,19.38962,1.8533088,469.00952,0.0036057215000000003
47,19.400118,1.8533088,469.64095999999995,0.0036062682
48,19.40171,1.8533058999999998,470.6296,0.0036041597
49,19.4037,1.8533058999999998,471.65887000000004,0.0036037196000000002
50,19.405981,1.8533058999999998,471.9342,0.0036015538000000002
51,19.40866,1.8533058999999998,472.02692,0.0036030435
52,19.411682,1.8533058999999998,471.75597999999997,0.0036049432000000003
53,19.415407000000002,1.8533058999999998,471.32305999999994,0.0036074796
54,19.409133999999998,1.8533088,470.69678,0.0036061455
55,19.41469,1.8533088,470.0766,0.0036102475
56,19.421844,1.8533058999999998,469.44122000000004,0.0036155183
57,19.430744,1.8533058999999998,468.88574000000006,0.0036219992
58,19.430037,1.8533058999999998,468.48572,0.0036248914
59,19.440748000000003,1.8533058999999998,469.02628,0.0036295627
60,19.451964999999998,1.8533058999999998,468.84833,0.0036366484000000003
61,19.45203,1.8533058999999998,468.30774,0.0036395940000000003
62,19.461897,1.8533092,467.70767,0.0036454895
63,19.449279999999998,1.8533092,467.1354,0.0036409206
64,19.446281,1.8533058999999998,467.1088,0.0036405290000000004
65,19.432126999999998,1.8533058999999998,467.0613,0.0036357425
66,19.432081,1.8533058999999998,467.26703,0.0036386497999999997
67,19.418087,1.8533058999999998,467.62685999999997,0.0036361602000000003
68,19.426454999999997,1.8533058999999998,468.19882,0.0036399159999999996
69,19.429508,1.8533058999999998,468.50595,0.0036416435999999997
70,19.441662,1.8533088,469.0986,0.0036473176
71,19.455795000000002,1.8533088,469.57513,0.00365415
72,19.471514000000003,1.8533058999999998,469.60962,0.0036621261
73,19.466486,1.8533058999999998,469.74228,0.0036621270000000003
74,19.47628,1.8533058999999998,469.1719,0.0036666107
75,19.472089999999998,1.8533058999999998,468.60437,0.0036680382000000003
76,19.489624,1.8533058999999998,468.12448,0.003675871
77,19.485773000000002,1.8533058999999998,467.55872,0.0036787798
78,19.481215,1.8533088,467.78287,0.0036806776
79,19.475620000000003,1.8533088,468.16275,0.0036813584
80,19.468582,1.8533058999999998,468.4763,0.0036820670000000002
81,19.471020000000003,1.8533058999999998,468.76212000000004,0.0036857203
82,19.469079999999998,1.8533058999999998,469.39133,0.003686504
83,19.459063,1.8533058999999998,469.80026,0.0036843687
84,19.448179999999997,1.8533058999999998,470.18427,0.003682275
85,19.447956,1.8533058999999998,470.22565,0.003685002
86,19.448454,1.8533088,470.1,0.0036867896999999996
87,19.43901,1.8533088,470.1304,0.0036862749
88,19.441387,1.8533058999999998,470.37955,0.0036874409999999996
89,19.456395999999998,1.8533058999999998,470.57632,0.0036940232
90,19.473566,1.8533058999999998,470.6847,0.0037015934999999997
91,19.481579999999997,1.8533058999999998,470.7592,0.0037053018
92,19.479603,1.8533058999999998,470.69277999999997,0.0037046903999999998
93,19.489069,1.8533058999999998,470.9676,0.0037071656
94,19.499437,1.8533092,470.8086,0.0037100373
95,19.499437,1.8533092,470.2033,0.0037103787
96,19.499437,1.8533058999999998,470.2225,0.0037110172999999997
97,19.499437,1.8533058999999998,469.6934,0.003712023
98,19.499437,1.8533058999999998,469.2672,0.0037134355
99,19.499437,1.8533058999999998,468.78513,0.003715267
100,19.499437,1.8533058999999998,468.5151,0.003717539
101,19.499437,1.8533058999999998,468.59662000000003,0.0037202355
102,19.499437,1.8533088,468.54305999999997,0.0037233161
103,19.499437,1.8533088,469.68518,0.0037251452
104,19.499437,1.8533058999999998,470.75345,0.003725639
105,19.499437,1.8533058999999998,471.06476,0.0037263803999999998
106,19.499437,1.8533058999999998,471.35425,0.0037266092999999998
107,19.499437,1.8533058999999998,471.7653,0.0037279555
108,19.499437,1.8533058999999998,472.4205,0.0037296847
109,19.499437,1.8533058999999998,472.96063,0.0037318543
110,19.499437,1.8533088,473.559,0.003732884
111,19.499437,1.8533088,474.19785,0.0037359996
112,19.499437,1.8533058999999998,474.41357,0.0037397190000000003
113,19.499437,1.8533058999999998,474.50494000000003,0.0037407556
114,19.499437,1.8533058999999998,474.43674000000004,0.0037421503
115,19.499437,1.8533058999999998,474.3945,0.0037439077
116,19.499437,1.8533058999999998,473.71417,0.0037460146000000004
117,19.499437,1.8533058999999998,472.98837000000003,0.0037484432000000002
118,19.499437,1.8533088,472.62973,0.0037511576
119,19.49991,1.8533088,472.31127999999995,0.0037512654
120,19.50102,1.8533058999999998,472.70212000000004,0.003751523
121,19.503211999999998,1.8533058999999998,472.3836,0.0037521033000000002
122,19.506510000000002,1.8533058999999998,471.2386,0.0037531126
123,19.510698,1.8533058999999998,470.8976,0.003754603
124,19.515608,1.8533058999999998,471.1966,0.0037566188
125,19.520939000000002,1.8533058999999998,471.43987999999996,0.0037591504
126,19.52636,1.8533092,471.63266,0.0037622224
127,19.531563000000002,1.8533092,471.6314,0.0037658662
128,19.536297,1.8533058999999998,471.81847999999997,0.0037701022999999997
129,19.520367,1.8533058999999998,471.35464,0.0037694806
130,19.523191,1.8533058999999998,471.67287999999996,0.003774605
131,19.505747,6.1167703,472.00644000000005,0.003771649
132,19.507412,20.749113,472.32773,0.003774342
133,19.509323000000002,49.029556,472.8198,0.0037777253999999997
134,19.504826,90.48195,473.59872,0.0037801645
135,19.507097,141.75142,474.1617,0.0037854589
136,19.510069,198.04665,475.6729,0.003788728
137,19.514039999999998,254.46881000000002,477.86874000000006,0.0037938408
138,19.519297,306.99426,479.9261,0.0038012494
139,19.519594,352.79922,482.64963,0.0038095053999999996
140,19.528702,390.327,486.3257,0.0038225292
141,19.535677,399.4505,490.20474,0.0038366496999999995
142,19.550507,396.11505,493.6969,0.003852895
143,19.563332,395.26367,497.93906,0.0038700474
144,19.579063,395.35425,501.93228,0.0038847036
145,19.597876,395.38986,506.2017,0.0038996815999999997
146,19.61158,394.91028,510.41052,0.003908428
147,19.626896,393.90042,514.822,0.0039155544
148,19.645922,392.25023999999996,519.41327,0.0039276285
149,19.657084,390.76662999999996,524.2335,0.003938321
150,19.665066,389.46213,529.53125,0.0039469143
151,19.683529999999998,388.69254,535.6774,0.0039605596
152,19.70823,388.4403,542.34686,0.0039780256
153,19.736137,388.0757,550.38904,0.0039977829999999995
154,19.755365,388.05756,557.91364,0.004014006
155,19.779297,387.82425,566.0124,0.0040330472
156,19.79889,388.1931,574.6517299999999,0.004051278
157,19.818624,388.639,584.2021,0.0040687625
158,19.838526,389.439,594.48975,0.004092229
159,19.863129,390.73627,605.6383,0.004115448
160,19.892582,392.56577000000004,616.9976,0.0041420892999999995
161,19.916710000000002,394.48694,629.2181400000001,0.0041589933
162,19.935194,396.37067,640.9417,0.004180247
163,19.958138,398.13699999999994,653.41534,0.0042058947
164,19.979832000000002,399.48203,665.94836,0.0042296955
165,19.996489999999998,400.43503,677.5427,0.0042510303
166,20.021147,401.86005,688.4368,0.0042749913
167,20.038510000000002,402.98636,698.16046,0.004295242
168,20.059476999999998,404.44354,708.44257,0.004313056
169,20.084068,406.11383,717.64886,0.004332643
170,20.101734,407.8632,726.98517,0.0043484527
171,20.112005,409.5678,736.6339999999999,0.00435868
172,20.125393,411.18182,746.5903,0.0043701683
173,20.142393,412.56036,756.50134,0.0043835314000000005
174,20.16331,413.86954,766.3773,0.0043988586
175,20.16702,414.64316,775.3258,0.004408158
176,20.189638000000002,415.79752,784.5613,0.0044236938
177,20.210596,417.2627,793.30444,0.004434630300000001
178,20.229746,418.9218,802.51044,0.004446492
179,20.247059,420.6445,812.3218400000001,0.0044579220000000004
180,20.264568,422.31183,822.30206,0.004469938
181,20.282253,423.83127,832.4432,0.004482623
182,20.290392,424.9054,840.85736,0.0044889497
183,20.301182,425.80164,848.95905,0.0044964217
184,20.314575,425.8016,857.96423,0.004509445
185,20.330379999999998,425.8016,867.0835599999999,0.0045203855
186,20.348577,425.8016,874.7318,0.0045312694
187,20.369312,425.8016,882.568,0.004545303499999999
188,20.371457999999997,425.8016,891.278,0.0045484146
189,20.377659,426.00875999999994,900.0572,0.0045533874
190,20.388464000000003,426.44434,908.94336,0.0045606047
191,20.39882,427.1251,916.0777,0.004564596
192,20.412151,428.09087999999997,923.7357,0.004575287
193,20.428316,429.22742,931.12036,0.0045850226000000004
194,20.447023,430.4271,938.6959,0.004597787
195,20.467876,431.66528,946.0929,0.0046086614
196,20.478594,432.83545,952.4350599999999,0.0046210294
197,20.484177,433.8631,958.9746,0.004629159
198,20.484444,434.63895,964.5433300000001,0.0046298120000000005
199,20.485325,434.2938,967.4187599999999,0.004631766
200,20.487417,434.5912,970.6895,0.004634519
201,20.49132,434.49973,975.1080300000001,0.004642541500000001
202,20.497515,434.0788,979.4512300000001,0.0046462044
203,20.506483,434.25217000000004,983.96606,0.004647765
204,20.518373,434.20635999999996,988.7869999999999,0.0046498445
205,20.5335,433.7596,994.4476,0.0046585025
206,20.551699,433.6708,1002.00604,0.0046668514
207,20.57307,433.32605,1010.823,0.004675065
208,20.586678,433.17868,1019.71204,0.0046811635
209,20.602842000000003,432.33044,1028.8322,0.004688937
210,20.610874,432.1828,1035.9316,0.0046953509999999995
211,20.621159,431.45145,1043.2029,0.0047008959999999995
212,20.63375,431.4973,1050.7692,0.0047100475
213,20.641378,430.92258,1058.7319,0.0047193514
214,20.657972,431.06775,1067.1337,0.004731639
215,20.660234,431.14914000000005,1073.6703,0.0047353329999999996
216,20.67975,431.1636,1079.9146,0.0047462382
217,20.679216,431.17502,1086.0707,0.0047500557
218,20.689860999999997,431.10757,1091.6876,0.004758374
219,20.690403,430.63235,1097.0574,0.0047668987
220,20.691256,430.1974,1103.2861,0.0047722296
221,20.692926,429.22632000000004,1109.6934,0.004779485
222,20.695984,428.55422999999996,1116.0173,0.004782317
223,20.700922,427.99567,1120.4751,0.004786803
224,20.708082,427.64536,1125.0306,0.0047900914
225,20.71763,427.52588,1130.1011,0.004794182
226,20.724693,427.4796,1134.8491,0.0047954973
227,20.738678,427.1905,1139.7408,0.0048015029999999995
228,20.754701999999998,427.64948,1143.8110000000001,0.0048071137
229,20.772394,428.4088,1147.1803,0.0048154327
230,20.781609,428.78076,1150.113,0.004818527
231,20.781609,429.52356,1152.989,0.0048193703000000004
232,20.781744,429.6581,1156.3721,0.0048231409999999995
233,20.782232,429.70853,1160.181,0.0048253364000000005
234,20.783525,430.14813,1164.7925,0.0048300927
235,20.785954999999998,430.55814000000004,1169.7739,0.004832514
236,20.790022,431.56094,1174.2628,0.0048378273
237,20.796167,431.9655,1180.0719,0.0048414543
238,20.804707999999998,431.83884000000006,1185.5205,0.0048465687
239,20.815786,431.59598,1190.7548,0.004854413
240,20.829378,431.73837000000003,1195.3141,0.004860744
241,20.8453,431.1404,1200.2543,0.0048710923
242,20.85785,430.7999,1205.6525,0.0048816544
243,20.870075,430.5463,1210.1178,0.004890938
244,20.874392,429.9532,1213.3203,0.0048951833000000005
245,20.884647,430.25985999999995,1216.3676,0.004899323
246,20.884943,429.8547,1220.5828,0.0049025975
247,20.886215,430.09192,1224.9537,0.0049048895
248,20.889214000000003,430.70892000000003,1228.0042,0.0049045244
249,20.894582999999997,431.9603,1232.6697,0.0049119596
250,20.902384,433.30037999999996,1238.8707,0.0049155373
251,20.91273,435.05054,1244.7936,0.0049231974
252,20.925632,438.5307,1252.0471,0.004931152
253,20.941010000000002,441.27072000000004,1258.9143,0.0049412064
254,20.958654,444.20495999999997,1265.1854,0.0049460726
255,20.978270000000002,446.42537999999996,1271.5004,0.0049519506
256,20.987562,447.85507,1276.9082,0.0049543157
257,20.985756,448.77472,1281.8859,0.0049568783
258,20.984367000000002,449.04285,1287.4719,0.004960137
259,20.983488,448.49355999999995,1293.174,0.0049633514000000005
260,20.999376,446.83383,1297.9092,0.004969017
261,21.001205,445.38818,1301.3348,0.00496988
262,21.004618,444.44318,1305.3848,0.0049735764000000005
263,21.009857,444.44318,1310.6411,0.004978662
264,21.017223,444.44318,1315.9877,0.0049873763
265,21.026903,444.44318,1320.3939,0.004995892
266,21.038967,444.44318,1324.0502,0.0050051333
267,21.053331,444.44318,1327.9894,0.0050175870000000004
268,21.064386,444.44318,1332.6027,0.0050261323
269,21.08249,444.5982,1337.0271,0.005039908
270,21.087877,444.93075999999996,1341.7769,0.0050440985
271,21.09238,445.40494,1346.6167,0.005048515
272,21.092201,445.83597000000003,1351.1532,0.0050532008
273,21.103271,446.28875999999997,1356.5254,0.005064396
274,21.104181,446.86273,1361.3416,0.0050670113
275,21.105259,447.71008,1364.7168,0.005067904
276,21.106476,448.94327000000004,1366.8021,0.0050664525
277,21.107906,450.57047,1367.1943,0.0050661955
278,21.109645999999998,452.35455,1366.0952,0.0050651347
279,21.111829999999998,453.35004000000004,1364.6654,0.0050687357
280,21.107536,454.7477,1363.1962,0.005064883
281,21.111225,456.09655999999995,1361.3514,0.0050621885
282,21.11609,458.05300000000005,1359.7538,0.005061449
283,21.122278,458.97015,1359.3793,0.0050627496
284,21.130041000000002,460.06235,1361.0516,0.0050732777
285,21.134197,461.1556,1365.3423,0.0050738086
286,21.145554999999998,462.7021,1370.1803,0.0050797635
287,21.153591,464.98987,1374.5181,0.0050830384999999995
288,21.163567999999998,468.49825999999996,1378.3453,0.005084828
289,21.173859,471.98077,1382.001,0.0050897365
290,21.179344,474.78464,1385.2557,0.0050948765000000005
291,21.190983,476.45892000000003,1388.2104,0.005100924000000001
292,21.209238,477.8866,1392.1014,0.005107899999999999
293,21.22168,479.0537,1395.4022,0.0051134555
294,21.231466,479.73672,1398.5625,0.0051172697
295,21.243696,478.923,1401.7523,0.005120472
296,21.258179000000002,477.70334,1404.0643,0.005125319000000001
297,21.274603,475.38934000000006,1405.8215,0.005130315
298,21.287714,473.10913,1407.3062,0.0051350123
299,21.296938,470.65134000000006,1408.4645,0.0051377737
300,21.296938,467.70883,1409.2803,0.005136834
301,21.296938,464.69662,1410.3662,0.005135776
302,21.297117,461.30237,1411.7295,0.005134651
303,21.297523,459.24158,1413.672,0.0051359255
304,21.29855,458.42773,1415.7684,0.005136
305,21.300444,458.4923,1418.4241,0.0051363828
306,21.303703,459.67523,1420.6637,0.0051382026
307,21.308825,461.50378,1423.5021,0.005140287
308,21.31621,463.2332,1425.4397,0.005144003
309,21.326092000000003,464.70212000000004,1426.9886,0.0051461547
310,21.338528,465.8209,1428.5168,0.0051522040000000005
311,21.353403,465.88712000000004,1429.8988,0.0051595643
312,21.363266,465.50057999999996,1430.5605,0.0051653367
313,21.381943,464.94452,1432.0724,0.005173228
314,21.386129999999998,464.1267,1433.1448,0.0051755759999999994
315,21.400105,463.0113,1433.9229999999998,0.005181392700000001
316,21.400620999999997,461.63208,1434.9182,0.0051810170000000004
317,21.40128,460.07336,1435.8339999999998,0.0051790546
318,21.402023,458.64847000000003,1436.4058,0.00517969
319,21.402801999999998,457.89606,1436.5021,0.005180089000000001
320,21.403554999999997,457.47185999999994,1437.3912,0.0051816283
321,21.404383,457.15204000000006,1439.6522,0.0051852795
322,21.405289,457.68588,1441.9327,0.0051873517
323,21.406392999999998,457.88775999999996,1444.2910000000002,0.0051901285
324,21.401953,458.3544,1447.0144,0.005192893
325,21.403952,458.44128,1449.0349,0.0051985513
326,21.40674,458.1949,1450.6182,0.0052020485
327,21.410583,457.69754000000006,1451.5323,0.005206019
328,21.415934,456.1243,1452.3682,0.0052099745
329,21.423248,454.9462,1453.2556,0.0052158086999999995
330,21.432869,453.74722,1453.6575,0.0052197403
331,21.439066,453.29587000000004,1453.2163,0.0052205315
332,21.453539000000003,453.21164000000005,1453.0159,0.005225795
333,21.464592,453.08797999999996,1451.8058,0.005228402
334,21.475839999999998,452.9606,1449.7778,0.0052337423
335,21.485025,452.8563,1448.8483,0.0052432369999999996
336,21.507502,452.9556,1447.681,0.0052547240000000005
337,21.513707999999998,453.44365999999997,1445.2916,0.005258708000000001
338,21.514559,454.39795,1441.8862,0.00526089
339,21.515929999999997,455.78387000000004,1437.4065,0.0052637514
340,21.518187,457.16824,1431.2157,0.0052685654
341,21.521725,459.47192,1425.68,0.0052656475
342,21.526875,461.15355999999997,1418.5026,0.005264841
343,21.533974,462.64307,1411.8444,0.0052762035999999995
344,21.53773,463.68088,1404.2861,0.0052855955
345,21.548397,464.2682,1397.685,0.0052950144999999995
346,21.560726000000003,463.5924,1391.104,0.005301405
347,21.574410999999998,462.4108,1386.3514,0.005313493000000001
348,21.581976,461.03513,1383.162,0.005313065
349,21.586075,459.38007000000005,1384.9509,0.005320141
350,21.586071,457.74844,1388.0403,0.0053320667000000006
351,21.583117,455.5543,1394.4037,0.005352360699999999
352,21.578557999999997,453.45828,1399.7,0.005369051
353,21.566782,452.1349,1405.1788,0.0053854855
354,21.560059,451.52707000000004,1410.8268,0.0053850040000000005
355,21.560528,450.44482,1412.0138,0.0053861155
356,21.54346,450.56244000000004,1409.8668,0.0053808084
357,21.53169,450.44800000000004,1406.7574,0.005375936600000001
358,21.516911999999998,450.90393,1402.73,0.005369611
359,21.517315,451.61343,1398.5024,0.005367465
360,21.512214999999998,451.861,1395.0756,0.005363885
361,21.512214999999998,451.2117,1392.0737,0.005362206600000001
362,21.511925,450.0557,1391.4056,0.0053598084
363,21.511260999999998,448.9028,1389.8231,0.0053583434999999995
364,21.510239000000002,447.87300000000005,1388.3629,0.005356016
365,21.508541,446.60278,1386.8472,0.005352696999999999
366,21.505587,446.19925,1384.3314,0.0053473813
367,21.500906,446.42654000000005,1381.5701,0.0053404826
368,21.494320000000002,448.10805999999997,1377.3949,0.0053343563
369,21.485569,450.39172,1372.4714,0.005328296
370,21.474463,453.27795,1367.2677,0.005320457
371,21.461389999999998,456.76782000000003,1362.7723,0.005312236
372,21.458828,460.78763,1358.2823,0.005307686999999999
373,21.444307000000002,465.16092000000003,1354.0837,0.0052980785
374,21.430020000000003,469.87075999999996,1350.4869,0.005287138
375,21.432055,473.86096,1346.6246,0.005284435600000001
376,21.443089999999998,477.9756,1342.8743,0.0052833464000000005
377,21.449576999999998,482.47482,1338.2874,0.005281289000000001
378,21.451324,485.8668,1333.6838,0.0052759595999999995
379,21.466038,488.7967,1329.3466,0.005276518000000001
380,21.482395,490.63223,1326.3363,0.0052782544
381,21.48249,491.34528,1322.319,0.005273171
382,21.48338,491.23013,1319.1848,0.005267993
383,21.47927,490.31302,1315.7626,0.0052599735
384,21.475973,487.69527999999997,1313.2625,0.0052527369999999995
385,21.497248000000003,484.6546,1310.9347,0.0052568377
386,21.512214999999998,481.47894,1308.3208,0.0052587553
387,21.512214999999998,477.65332,1305.9585,0.005255234399999999
388,21.512214999999998,473.73975,1302.9977,0.005250922
389,21.512214999999998,470.30334000000005,1299.4204,0.005248173
390,21.512214999999998,466.8704,1294.7606,0.0052459138
391,21.512214999999998,463.11148,1289.8702,0.005242931700000001
392,21.512214999999998,460.90515,1284.8226,0.0052391286
393,21.512214999999998,459.67177999999996,1278.6571,0.0052354103
394,21.512214999999998,458.2998,1272.9928,0.005232784
395,21.512214999999998,457.72357,1268.9104,0.0052293897999999995
396,21.512214999999998,457.52752999999996,1265.7603,0.0052251783
397,21.512214999999998,451.63385,1262.2864,0.005221217
398,21.512214999999998,434.13834,1259.103,0.005217819
399,21.512214999999998,403.31424,1256.165,0.0052145272
400,21.512214999999998,359.89813,1253.4856,0.0052115135
401,21.511778,306.7151,1251.3145,0.00520962
402,21.510202,247.82797000000002,1248.6228,0.00520693
403,21.50676,187.25925,1245.0553,0.005204075
404,21.500837,128.41846999999999,1239.969,0.0051999614000000005
405,21.492023,73.639465,1234.2892,0.0051943725
406,21.479998000000002,25.221926,1228.8534,0.0051886397
407,21.464230999999998,23.531698000000002,1223.6971,0.005181943499999999
408,21.444414000000002,22.170446,1218.3538,0.0051754024
409,21.420353,21.011785999999997,1213.3531,0.005164852
410,21.392065,20.340086,1208.6709,0.0051509878
411,21.377592,20.785313000000002,1203.3337,0.005146443400000001
412,21.366022,20.855326,1198.1562,0.0051425127
413,21.351799,20.594034,1193.1047,0.005137439000000001
414,21.335051999999997,20.079801999999997,1187.8104,0.0051311559999999996
415,21.315634,18.217556,1182.7266,0.005124277
416,21.298779,16.568754000000002,1177.3091,0.005116905
417,21.295368,15.583302,1171.0679,0.0051140822
418,21.284193,15.583302,1164.3062,0.0051089255
419,21.275667000000002,15.583302,1157.572,0.0051045106
420,21.264431,17.851470000000003,1151.6624,0.0050996463
421,21.250294,27.378967,1145.8787,0.005093269
422,21.233446,49.025974,1140.3688,0.005085292700000001
423,21.213966,84.710594,1134.462,0.005075658
424,21.196913000000002,133.02667,1128.0208,0.005067616699999999
425,21.192732,190.09814,1122.2565,0.0050645936
426,21.187857,250.87714,1117.8324,0.005061052
427,21.182642,310.37042,1114.5732,0.005057163
428,21.17746,364.5107,1111.1306,0.0050540366
429,21.172644000000002,410.5874,1110.0178,0.005053758
430,21.175663,436.9748,1109.0803,0.0050561656
431,21.1833,444.55386,1108.1660000000002,0.005058562
432,21.181181,444.97073,1109.0879,0.0050615883
433,21.194294,445.80487,1111.7843,0.005068251
434,21.205470000000002,447.05715999999995,1113.2872,0.005071178
435,21.207388,448.64187999999996,1115.1969,0.0050732777
436,21.21078,450.4019,1117.483,0.0050760866
437,21.215823999999998,452.28128,1118.6049,0.0050778557
438,21.22259,454.27905,1120.013,0.0050803179999999995
439,21.231185999999997,456.31653,1121.0187,0.0050835656
440,21.241667,458.34454000000005,1122.7661,0.0050876765
441,21.253998,459.6091,1124.14,0.0050926856
442,21.268055,460.10074000000003,1125.1889999999999,0.005098582700000001
443,21.273901000000002,460.4589,1125.5397,0.00510149
444,21.275854000000002,460.73776,1126.14,0.0051017962
445,21.2834,460.96063,1126.92,0.0051045395
446,21.282316,461.27432000000005,1127.6789999999999,0.005104126
447,21.291666,460.759,1128.1691,0.005108263300000001
448,21.298756,459.6409,1129.0707,0.0051106755
449,21.299954999999997,458.42957,1130.9535,0.0051104984999999995
450,21.301718,456.79477,1132.6252,0.0051108026
451,21.304579999999998,456.1965,1134.9747,0.0051128184
452,21.309113,455.2445,1137.5607,0.0051162927
453,21.315779,454.2524,1141.0786,0.005122570999999999
454,21.324892000000002,453.92502,1145.9006,0.0051313955
455,21.336570000000002,454.48787999999996,1151.8975,0.005143733
456,21.339954000000002,455.6356,1158.4163,0.005154675300000001
457,21.35626,458.8953,1165.9326,0.0051697046
458,21.375367999999998,461.514,1172.2681,0.0051826984000000005
459,21.397335,463.89957000000004,1179.9213,0.0052049044
460,21.406124,465.57925,1187.6675,0.0052220470000000005
461,21.412132,467.0481,1194.5269,0.005234489
462,21.420873999999998,468.89642000000003,1201.2434,0.005245785699999999
463,21.432543,469.9409,1208.0322,0.0052584126
464,21.447129999999998,470.4966,1214.4004,0.0052699185999999995
465,21.464423999999998,471.1495,1220.7426,0.0052826838
466,21.48421,471.5072,1226.1617,0.0052970853000000005
467,21.500142999999998,471.69403,1231.4089,0.0053071546999999995
468,21.505629000000003,472.3899,1235.3806,0.005312653299999999
469,21.51384,472.41904000000005,1239.4431,0.005319501
470,21.515345,471.6886,1243.5067,0.005322772
471,21.518068,471.08047,1247.6064,0.0053272256999999995
472,21.522533,470.46423,1251.6251,0.0053323343999999995
473,21.52935,469.59845,1257.8866,0.0053401776
474,21.53898,468.4962,1268.0254,0.0053492109999999995
475,21.551911999999998,467.9494,1281.5978,0.0053576725
476,21.563019,467.29857999999996,1296.5364,0.0053675035
477,21.582798,465.9901,1311.0986,0.0053801940000000005
478,21.606151999999998,465.12567,1325.6066,0.0053965794
479,21.627457,464.96,1338.9429,0.0054129264
480,21.6356,464.33408,1349.8097,0.0054273997
481,21.653109,464.47238,1359.7286,0.005446741999999999
482,21.665932,465.41522000000003,1368.3394,0.0054648696
483,21.67361,466.67334000000005,1358.5707,0.005454118000000001
484,21.6849,466.8311,1355.0961,0.005459719
485,21.689096,466.59958,1362.411,0.0054681026
486,21.698164000000002,466.37105999999994,1371.2975,0.0054763730000000005
487,21.712198,465.2235,1381.0737,0.005490437
488,21.71346,464.0715,1390.9946,0.0054988377
489,21.72291,461.99292,1401.6848,0.005511426
490,21.726774,460.94043,1411.6676,0.0055183736
491,21.732159,458.7459,1420.8887,0.00552762
492,21.739355,457.78174,1428.9982,0.0055401316
493,21.748547,456.79202000000004,1437.7509,0.0055525596
494,21.75019,455.52383,1444.8988,0.005559885
495,21.763264000000003,454.97464,1451.5826,0.0055718534
496,21.778479,455.36533,1457.6089,0.005583698000000001
497,21.789382999999997,455.79022000000003,1464.3667,0.005594231999999999
498,21.798914,455.48724000000004,1470.4113,0.0056036315
499,21.805395,456.0048,1476.2019,0.0056106946
500,21.815070000000002,456.40722999999997,1482.5144,0.005619479300000001
501,21.82013,456.4891,1489.8059,0.005626661999999999
502,21.826944,456.159,1497.8383,0.005635131999999999
503,21.835764,455.52985,1506.5552,0.0056459736
504,21.846724,453.9786,1515.1432,0.0056541003
505,21.854534,452.63477,1524.6124,0.005663025
506,21.869532,451.42984,1534.3081,0.005675695400000001
507,21.875841,450.18427,1543.6727,0.0056851753
508,21.883438,448.91418,1552.8153,0.005698695300000001
509,21.89217,447.42822,1560.5725,0.0057110875
510,21.901817,446.2424,1568.8246,0.005722026
511,21.906841,445.80615,1575.2852,0.005730304
512,21.906841,445.0044,1581.1779999999999,0.0057368943999999995
513,21.906841,443.72058,1587.9668,0.0057436530000000005
514,21.906841,443.14737,1595.5442,0.0057486487
515,21.906841,443.0836,1602.6653,0.005751513000000001
516,21.906841,443.2193,1609.5646,0.0057552974
517,21.906979999999997,443.24258,1616.5509,0.005758823000000001
518,21.9073,443.23995999999994,1622.9208,0.00576271
519,21.907934,443.1712,1628.95,0.005767930300000001
520,21.909172,442.48285,1634.9546,0.0057723043
521,21.911036,441.76578,1640.8397,0.005778575
522,21.913427,440.82397000000003,1646.1107,0.0057846038
523,21.916458,439.53354,1650.8844,0.005790106
524,21.919998,437.81906,1656.0162,0.0057945433
525,21.923973,436.5492,1661.9901,0.00579881
526,21.928173,435.43637,1667.7935,0.005804802800000001
527,21.926674,435.32482999999996,1672.2474,0.0058098635999999995
528,21.931025,435.22598,1676.6157,0.005814429
529,21.929876,435.1569,1680.4927,0.00581363
530,21.922903,435.12417999999997,1684.0438,0.0058127
531,21.927570000000003,435.12667999999996,1686.7955,0.005815490600000001
532,21.93281,435.08398,1689.4835,0.0058214534
533,21.927046,435.00482,1692.7565,0.0058266690000000005
534,21.933126,434.9189,1696.386,0.0058305403
535,21.934174,435.10474000000005,1699.7563,0.005834115
536,21.941616,435.01257000000004,1704.0734,0.0058434075
537,21.943964,434.96896,1709.2322,0.0058497847
538,21.940664,434.97222999999997,1713.82,0.005853672
539,21.94312,435.01395,1717.523,0.005858920500000001
540,21.951326,435.08258,1720.6567,0.005861994000000001
541,21.948244,434.99994000000004,1723.9648,0.0058609573
542,21.949123,434.98177999999996,1727.4236,0.005862142
543,21.946865,434.33023,1730.9783,0.005861208299999999
544,21.951492000000002,433.63797,1734.8367,0.005868115
545,21.952005,432.98107999999996,1739.3406,0.005870780999999999
546,21.954262,432.4131,1744.3126,0.0058723280000000004
547,21.962183,431.96117999999996,1749.434,0.0058765686
548,21.979584,431.68677,1754.4171,0.005884377
549,21.986932999999997,431.5497,1759.336,0.005891305
550,22.006613,431.49005,1763.9158,0.005901018
551,22.003878,432.28615999999994,1767.7152,0.0059029576
552,22.008419,432.92807,1770.7316,0.005907356999999999
553,22.004583,433.1242,1773.1575,0.0059063802
554,21.999758,433.15466,1774.4204,0.0059079219999999995
555,21.9942,433.65262,1775.6819,0.005907658499999999
556,21.988127,434.07834,1777.368,0.005907460600000001
557,21.98751,434.50647000000004,1778.3043,0.0059096036
558,21.98704,434.65887000000004,1778.9883,0.005910365999999999
559,21.98886,435.1663,1781.1105,0.005918016
560,21.983572,435.58972,1784.7275,0.0059226253000000005
561,21.98443,435.58972,1788.525,0.005922134
562,21.985994,435.58972,1792.0104,0.0059255455000000005
563,22.005661,435.58972,1796.1766,0.0059385914
564,22.003344,435.58972,1799.8832,0.0059387306999999995
565,22.001177,435.5158,1802.8428,0.0059443447
566,22.00507,435.38527999999997,1806.6378,0.0059485226
567,22.011404000000002,435.07016,1810.9229999999998,0.005956021
568,22.010502,434.42282,1815.5052,0.0059610363
569,22.00974,433.55945,1820.2736,0.005964700600000001
570,22.009157000000002,432.60515999999996,1824.4215,0.005967620999999999
571,22.016479999999998,431.6698,1828.3596,0.0059739724
572,22.016479999999998,430.87665,1832.4683,0.005976875
573,22.016479999999998,430.26099999999997,1836.3729999999998,0.005981964
574,22.016478,429.81702,1840.4718,0.0059872875
575,22.016478,429.85574,1844.3253,0.0059911613
576,22.016479999999998,429.58774000000005,1848.0842,0.005990958
577,22.016479999999998,430.2151,1852.3832,0.0059950490000000006
578,22.016605,431.00638,1856.8749,0.005999485
579,22.016891,430.81595,1860.7109,0.0060028466
580,22.017336,430.85400000000004,1864.14,0.006006328000000001
581,22.018162,430.85916,1867.5520000000001,0.006012312
582,22.01973,430.67487,1870.6498,0.006016003000000001
583,22.022327,430.75153,1872.5387,0.0060206256
584,22.026032999999998,430.81595,1874.6545,0.0060235327000000005
585,22.030834,430.89835,1876.6333,0.006026684300000001
586,22.036839999999998,430.98193,1879.2538,0.0060313963
587,22.044147,430.84277000000003,1882.6199,0.006037386
588,22.047688,430.9202,1885.6073,0.0060387895999999995
589,22.057966,430.95068,1889.241,0.0060443347
590,22.069939,430.93582000000004,1892.4069,0.006051934300000001
591,22.072796,430.88354000000004,1895.8405,0.006053188399999999
592,22.073063,430.60367,1899.3795,0.00605351
593,22.077524,430.6068,1902.9029999999998,0.0060587404
594,22.088068,430.70148,1907.3470000000002,0.006063874
595,22.097813000000002,430.7867,1911.4933,0.006073836700000001
596,22.09957,431.3168,1915.4526,0.0060799555
597,22.101702,432.03622,1918.9077,0.0060826265000000004
598,22.099037,432.9155,1922.8215,0.00608531
599,22.096704000000003,433.90063,1925.2089,0.0060836314
600,22.100057999999997,434.9264,1926.6436,0.0060861735
601,22.109293,435.92900000000003,1927.6624,0.006087393000000001
602,22.108765,436.85544000000004,1927.2028,0.0060833967
603,22.115381,437.46752999999995,1925.9359,0.0060812724
604,22.115381,437.89597000000003,1924.4437,0.0060757287
605,22.115381,437.9545,1922.5695,0.006070556600000001
606,22.115381,438.25027,1920.8804,0.006065598
607,22.115381,438.25027,1919.5237,0.00606626
608,22.115381,438.25027,1918.5682,0.006069085
609,22.115381,438.18134000000003,1916.6125,0.0060677486
610,22.115381,437.9043,1914.0879,0.0060675619999999994
611,22.115381,437.33643,1911.4644,0.0060675506999999995
612,22.115381,436.47214,1909.9458,0.006068693000000001
613,22.115381,435.31635,1908.3529,0.006068420600000001
614,22.115381,433.9206,1906.2058,0.0060669190000000005
615,22.115381,432.37204,1904.0663,0.0060644224
616,22.115381,430.7726,1903.6299,0.0060649332999999995
617,22.115381,429.21982,1903.755,0.006062484
618,22.115381,427.79318,1903.8259,0.006061176999999999
619,22.115381,426.86245999999994,1904.2365,0.006057833
620,22.115381,426.45727999999997,1905.7765,0.0060614785
621,22.115381,426.1001,1910.9645,0.006065956999999999
622,22.115381,425.80164,1915.0388,0.0060667438
623,22.115381,425.80164,1917.8589,0.006069724
624,22.115381,425.8016,1919.3503,0.006071845500000001
625,22.115381,425.8016,1920.9086,0.0060714353000000006
626,22.115381,425.8016,1921.3203,0.006071218000000001
627,22.115381,425.8016,1921.8643,0.006072907
628,22.115381,425.8016,1922.4298,0.006074092
629,22.115381,425.8016,1923.4238,0.006076877
630,22.115381,425.80164,1924.6936,0.006078765
631,22.115381,425.80164,1925.5383,0.0060812263
632,22.115381,425.8016,1926.8945,0.0060858380000000005
633,22.115381,425.8016,1929.2627,0.0060887369999999994
634,22.115381,425.8016,1931.1681,0.006089783299999999
635,22.115381,425.8016,1931.9698,0.0060910503
636,22.115381,425.8016,1933.0416,0.006090961999999999
637,22.115381,425.8016,1933.8064,0.006090903000000001
638,22.115381,425.8016,1934.4515,0.006091706999999999
639,22.115381,425.8016,1934.6162,0.006091228000000001
640,22.115381,425.8016,1933.4756,0.0060914396
641,22.115381,425.8016,1932.4811,0.0060917869999999995
642,22.115381,425.8016,1932.265,0.006093003299999999
643,22.115381,425.8016,1932.868,0.0060937353
644,22.115381,425.8016,1933.8407,0.006095370699999999
645,22.115381,425.8016,1934.4949,0.006095919
646,22.115381,425.80164,1934.1779,0.0060959957
647,22.11555,425.80164,1933.2971,0.006096685300000001
648,22.115925,425.8016,1933.7949,0.0060965614000000005
649,22.11651,425.8016,1934.9175,0.006098559
650,22.117268,425.8016,1935.4696,0.006100255
651,22.118141,425.8016,1935.7728,0.0061007943
652,22.119059,425.8016,1936.3429,0.0061022522999999995
653,22.119954999999997,425.69805999999994,1936.4098,0.006101683199999999
654,22.120775,425.22867,1935.0015,0.006100456999999999
655,22.12184,422.95837,1932.9514,0.0060977465
656,22.12359,418.90546,1928.8943,0.0060950913
657,22.119792999999998,413.72925,1924.7379,0.006089659
658,22.125006,408.43863,1920.2133,0.006086073000000001
659,22.133307000000002,403.86768,1916.221,0.0060831415
660,22.145388,400.51687999999996,1912.4742,0.006080473
661,22.161638,398.76624,1910.4911,0.006085999
662,22.181793,398.6993,1909.5712,0.0060906364
663,22.20522,400.6225,1909.2262,0.006099655799999999
664,22.231028,404.38718,1908.7312,0.006103934
665,22.242683,414.42624,1905.6501,0.006100451999999999
666,22.254112,418.23382999999995,1901.2577,0.0060976157
667,22.252935,421.2045,1894.7599,0.006088320600000001
668,22.24611,422.76694000000003,1887.4642,0.0060773836
669,22.236164000000002,424.16925,1879.9177,0.0060691386
670,22.213444,425.36688,1872.4775,0.0060588084
671,22.191623999999997,425.39603,1866.1931,0.0060469937
672,22.180560999999997,425.44417999999996,1861.3867,0.006044156
673,22.166992,425.4685,1856.6161,0.0060386914
674,22.151120000000002,425.63699999999994,1852.4069,0.0060323244
675,22.13329,425.445,1849.4031,0.0060255434
676,22.124385999999998,425.1919,1846.1642,0.00602012
677,22.119944,424.93314000000004,1841.3373,0.006014554
678,22.120342,424.7211,1835.682,0.006011091600000001
679,22.115381,424.45032000000003,1829.9508,0.00600749
680,22.115381,424.111,1824.0944,0.0060055694
681,22.115381,423.72835999999995,1819.1741,0.006002967
682,22.115381,423.38982999999996,1814.4684,0.005999585
683,22.115381,423.2219,1809.1694,0.0059956675
684,22.115381,423.17554,1803.4126,0.0059911716
685,22.115381,422.76013,1798.6196,0.00598773
686,22.115257,422.69067,1794.2119,0.005985881
687,22.114973000000003,422.38757000000004,1789.9042,0.0059825187
688,22.114534,422.09292999999997,1785.34,0.0059799072
689,22.113798000000003,422.3645,1780.5072,0.005976436
690,22.112766,418.80023,1775.3502,0.0059720105
691,22.11149,406.34222,1770.134,0.005967206
692,22.109724,381.4894,1764.7821,0.0059639863
693,22.106981,344.73242,1759.3485,0.005960346
694,22.102985,297.33557,1752.9679,0.005955896
695,22.09734,242.76561,1745.9502,0.005950207
696,22.09494,184.6363,1738.6470000000002,0.0059453859999999996
697,22.08469,127.36281000000001,1731.9727,0.005937029
698,22.070786,73.25126999999999,1724.6154,0.005928937
699,22.059614,24.663149,1716.9528,0.005922613
700,22.037020000000002,1.8533058999999998,1709.2520000000002,0.0059109335
701,22.009611,1.8533058999999998,1701.1735,0.0058996095
702,21.991459,1.8533092,1693.3472,0.005893143399999999
703,21.975904,1.8533092,1686.5023,0.005887026
704,21.945318,1.8533058999999998,1679.9749,0.00587358
705,21.920374,1.8533058999999998,1672.5073,0.0058623413
706,21.891148,1.8533058999999998,1664.5684,0.005849422
707,21.880979999999997,1.8533058999999998,1656.3262,0.005843225400000001
708,21.867426000000002,1.8533058999999998,1647.8196,0.0058349883
709,21.85012,1.8533058999999998,1639.8895,0.005825985
710,21.828863000000002,1.8533088,1631.6794,0.00581614
711,21.80367,1.8533088,1622.3062,0.005803898399999999
712,21.785420000000002,1.8533058999999998,1612.3257,0.0057942797
713,21.774498,1.8533058999999998,1600.8875,0.005787573000000001
714,21.760271,1.8533058999999998,1589.3307,0.0057788608
715,21.742313,1.8533058999999998,1576.4269,0.0057706325
716,21.720398,1.8533058999999998,1564.4653,0.0057602040000000005
717,21.707092000000003,1.8533058999999998,1552.8,0.0057537155
718,21.686647,1.8533088,1540.7723,0.0057435557
719,21.671556,1.8533088,1528.8746,0.005734085
720,21.6526,1.8533058999999998,1520.5906,0.0057253763000000004
721,21.62969,1.8533058999999998,1513.0167,0.0057158980000000005
722,21.602901,1.8533058999999998,1507.4329,0.0057042716000000005
723,21.586782,1.8533058999999998,1500.8811,0.0056970785
724,21.575003,1.8533058999999998,1494.1025,0.005691516999999999
725,21.560253,1.8533058999999998,1486.6399,0.005683565
726,21.542292,1.8533088,1478.9388,0.0056744935
727,21.531548,1.8533088,1472.0034,0.0056702276
728,21.517378,1.8533058999999998,1464.8823,0.0056626177
729,21.503134,1.8533058999999998,1457.36,0.005655789699999999
730,21.481745,1.8533058999999998,1450.4059,0.005647213000000001
731,21.467348,1.8533058999999998,1442.9886,0.0056385878
732,21.4493,1.8533058999999998,1436.3424,0.0056305784
733,21.42726,1.8533058999999998,1429.9674,0.0056204535
734,21.401089000000002,1.8533092,1422.5009,0.005608098000000001
735,21.394606,1.8533092,1414.0538,0.005604443000000001
736,21.373196,1.8533058999999998,1406.5018,0.0055952976
737,21.360257999999998,1.8533058999999998,1399.146,0.0055884724
738,21.34423,1.8533058999999998,1393.5989,0.0055828653
739,21.324816000000002,1.8533058999999998,1388.3202,0.005575735
740,21.301853,1.8533058999999998,1382.6170000000002,0.005566847
741,21.286165,1.8533058999999998,1377.287,0.005559454
742,21.278276,1.8533088,1371.9017,0.0055567533999999995
743,21.267836,1.8533088,1366.2638,0.005552609
744,21.254929,1.8533058999999998,1359.494,0.0055437987
745,21.23926,1.8533058999999998,1351.2267,0.0055350647
746,21.220484,1.8533058999999998,1343.0839999999998,0.0055254763
747,21.198362,1.8533058999999998,1333.98,0.005512501600000001
748,21.1923,1.8533058999999998,1325.1765,0.0055087064000000005
749,21.182973999999998,1.8533058999999998,1317.5055,0.005505095
750,21.169855,1.8533088,1309.1136,0.005501569
751,21.15245,1.8533088,1301.8031,0.0054966025
752,21.130491,1.8533058999999998,1294.6034,0.005489999000000001
753,21.103970999999998,1.8533058999999998,1288.6438,0.005481618000000001
754,21.07316,1.8533058999999998,1283.2124,0.005471413499999999
755,21.060205,1.8533058999999998,1279.1907,0.0054662917000000005
756,21.044735,1.8533058999999998,1274.4158,0.005459983000000001
757,21.02705,1.8533058999999998,1270.3087,0.005452518000000001
758,21.007260000000002,1.8533088,1266.7876,0.005445623
759,21.006795999999998,1.8533088,1263.6261,0.0054462469999999995
760,20.993536,1.8533058999999998,1260.4362,0.005441259
761,20.98817,1.8533058999999998,1257.3728,0.0054402606999999995
762,20.98027,1.8533058999999998,1253.3594,0.0054367190000000004
763,20.969698,1.8533058999999998,1248.3605,0.005433726999999999
764,20.956438000000002,1.8533058999999998,1242.3053,0.005428481999999999
765,20.940609,1.8533058999999998,1235.7411,0.0054230634
766,20.922459,1.8533092,1229.5159,0.0054163677
767,20.90233,1.8533092,1223.3932,0.0054083606
768,20.892183,1.8533058999999998,1216.8115,0.0054027269999999995
769,20.89217,1.8533058999999998,1210.3497,0.0053995834
770,20.890273999999998,1.8533058999999998,1203.8022,0.0053966055
771,20.88588,1.8533058999999998,1197.5189,0.0053936425
772,20.866692,1.8533058999999998,1192.6742,0.0053853868
773,20.855997,1.8533058999999998,1186.4651,0.0053788843
774,20.842551999999998,1.8533088,1180.4464,0.005370593000000001
775,20.826082,1.8533088,1173.7888,0.0053619309999999995
776,20.806303,1.8533058999999998,1167.0539999999999,0.0053529213
777,20.783049,1.8533058999999998,1160.539,0.005342067
778,20.770744,1.8533058999999998,1154.9358,0.005336205
779,20.76282,1.8533058999999998,1150.5691,0.005332454
780,20.752365,1.8533058999999998,1146.7058,0.0053275847
781,20.739475,1.8533058999999998,1142.7213,0.0053215087
782,20.724384,1.8533088,1137.3715,0.0053169797
783,20.707435999999998,1.8533088,1132.7952,0.0053114127
784,20.689034,1.8533058999999998,1128.3872,0.0053038830000000006
785,20.689034,1.8533058999999998,1124.434,0.0053023417
786,20.689034,1.8533058999999998,1119.8496,0.0053002075
787,20.689034,1.8533058999999998,1115.1147,0.0052973917
788,20.689398,1.8533058999999998,1109.4429,0.0052938717
789,20.690393,1.8533058999999998,1103.1006,0.0052896359999999995
790,20.692042999999998,1.8533088,1097.6519,0.005288047299999999
791,20.694239000000003,1.8533088,1091.942,0.0052858535
792,20.696793,1.8533058999999998,1087.59,0.0052829115
793,20.699503,1.8533058999999998,1082.2816,0.005279101
794,20.702170000000002,1.8533058999999998,1075.9694,0.0052743405
795,20.704629999999998,1.8533058999999998,1070.4972,0.0052713943
796,20.706762,1.8533058999999998,1066.7166,0.005270784000000001
797,20.708303,1.8533058999999998,1062.7119,0.005266454499999999
798,20.694576,1.8533092,1058.5972,0.0052597793000000006
799,20.687813000000002,1.8533092,1055.4052,0.0052547567
800,20.687008,1.8533058999999998,1052.1606,0.005252906
801,20.685925,1.8533058999999998,1048.1469,0.005252506999999999
802,20.684217,1.8533058999999998,1043.5910000000001,0.0052518877
803,20.681503,1.8533058999999998,1038.6968,0.005250912
804,20.677260999999998,1.8533058999999998,1033.9803,0.0052493921999999995
805,20.671026,1.8533058999999998,1029.9757,0.0052471086
806,20.662468,1.8533088,1025.08,0.0052438527
807,20.658628,1.8533088,1020.8053,0.00524263
808,20.645363,1.8533058999999998,1017.42706,0.0052371183
809,20.629665,1.8533058999999998,1013.5501,0.005230145
810,20.611845000000002,1.8533058999999998,1010.7099,0.0052216942
811,20.599478,1.8533058999999998,1007.4506,0.0052150315999999995
812,20.593224,1.8533058999999998,1003.7571,0.005210495999999999
813,20.585894,1.8533058999999998,999.71405,0.00520505
814,20.584660999999997,1.8533088,995.85614,0.0052018566
815,20.582767,1.8533088,991.8315,0.00519967
816,20.580189,1.8533058999999998,987.8516,0.005196855
817,20.576802999999998,1.8533058999999998,983.1754,0.0051950673
818,20.572495,1.8533058999999998,978.17426,0.0051926617
819,20.566907999999998,1.8533058999999998,972.6336,0.005189507
820,20.55966,1.8533058999999998,968.4775400000001,0.0051854393
821,20.550459,1.8533058999999998,964.56854,0.0051803077
822,20.539137,1.8533088,960.127,0.0051739984
823,20.547192000000003,1.8533088,955.2306,0.005176028
824,20.532401999999998,1.8533058999999998,950.58344,0.005170703400000001
825,20.51539,1.8533058999999998,944.64264,0.0051641143
826,20.503683,1.8533058999999998,939.0374,0.005158544
827,20.494332999999997,1.8533058999999998,934.1360000000001,0.00515306
828,20.484177,1.8533058999999998,929.9593,0.0051466357
829,20.484177,1.8533058999999998,925.9391,0.0051442613
830,20.484177,1.8533092,921.15295,0.0051429579999999996
831,20.484177,1.8533092,918.7272,0.0051412643
832,20.484177,1.8533058999999998,914.8199,0.0051391455
833,20.48431,1.8533058999999998,910.5691,0.0051365816
834,20.484617,1.8533058999999998,906.4662,0.0051346323
835,20.48509,1.8533058999999998,902.3821,0.0051344186
836,20.485687,1.8533058999999998,897.9408599999999,0.005130223
837,20.48636,1.8533058999999998,893.6336699999999,0.0051285720000000005
838,20.487057,1.8533088,888.78894,0.0051262155
839,20.487726000000002,1.8533088,884.91516,0.005123071
840,20.488332999999997,1.8533058999999998,881.8137,0.0051190653000000004
841,20.48885,1.8533058999999998,879.1456,0.005114153
842,20.489256,1.8533058999999998,875.53925,0.0051097404
843,20.484177,1.8533058999999998,871.40765,0.005104212
844,20.484444,1.8533058999999998,867.8059699999999,0.0051029907
845,20.485058,1.8533058999999998,864.2936,0.0051012877
846,20.486,1.8533088,860.20734,0.0050990316
847,20.487465,1.8533088,855.72656,0.005096197
848,20.489428,1.8533058999999998,850.5236,0.0050927117
849,20.49176,1.8533058999999998,844.55176,0.005089918
850,20.494298999999998,1.8533058999999998,838.5455,0.0050878270000000005
851,20.496859,1.8533058999999998,833.0393,0.0050850254
852,20.49928,1.8533058999999998,827.4272,0.0050814020000000005
853,20.501435999999998,1.8533058999999998,822.48694,0.0050800326
854,20.49249,1.8533088,817.5681,0.0050745644
855,20.493519,1.8533088,813.5754400000001,0.0050713713
856,20.494602,1.8533058999999998,808.7693,0.005067337
857,20.485058,1.8533058999999998,805.1745,0.0050607477
858,20.486,1.8533058999999998,802.16846,0.005058178
859,20.487198,1.8533058999999998,799.2361,0.0050549029999999995
860,20.488544,1.8533058999999998,797.0223,0.005052308
861,20.489937,1.8533058999999998,794.4611,0.0050485465
862,20.491276,1.8533092,792.7106,0.0050459686
863,20.49249,1.8533092,790.3821,0.0050428594
864,20.49352,1.8533058999999998,787.5585,0.005039277
865,20.494332999999997,1.8533058999999998,784.4438,0.0050387545
866,20.484177,1.8533058999999998,781.12714,0.0050347424
867,20.484177,1.8533058999999998,777.6566,0.0050366000000000005
868,20.484177,1.8533058999999998,774.2881,0.0050357487
869,20.484177,1.8533058999999998,770.54395,0.0050348104
870,20.484177,1.8533088,767.16626,0.0050351964
871,20.484177,1.8533088,764.7706,0.0050369706
872,20.484177,1.8533058999999998,761.92053,0.005035878
873,20.484177,1.8533058999999998,758.89923,0.005034505999999999
874,20.484177,1.8533058999999998,756.83466,0.0050328407
875,20.484177,1.8533058999999998,754.3989,0.0050336896
876,20.484177,1.8533058999999998,752.9486,0.00503217
877,20.484177,1.8533058999999998,751.87335,0.005029458
878,20.484177,1.8533088,750.9477,0.0050275987
879,20.484177,1.8533088,748.7824,0.0050252033
880,20.484177,1.8533058999999998,745.56683,0.0050236136
881,20.484177,1.8533058999999998,742.0141,0.0050214613
882,20.484177,1.8533058999999998,738.2312,0.005018688
883,20.484177,1.8533058999999998,733.453,0.0050152517
884,20.484177,1.8533058999999998,728.84546,0.0050111394
885,20.484177,1.8533058999999998,725.50085,0.0050095557
886,20.484177,1.8533088,722.7927,0.0050075673
887,20.484177,1.8533088,721.6504,0.0050051603
888,20.484177,1.8533058999999998,720.41907,0.00500235
889,20.484177,1.8533058999999998,718.5914,0.0050014659999999996
890,20.484177,1.8533058999999998,715.69135,0.0050014756
891,20.484177,1.8533058999999998,712.4268,0.004998618
892,20.484177,1.8533058999999998,708.85004,0.004997956
893,20.484177,1.8533058999999998,705.3099,0.004997007
894,20.484177,1.8533092,701.58514,0.004995665
895,20.484177,1.8533092,696.9371,0.0049938196
896,20.484177,1.8533058999999998,691.79297,0.0049913996
897,20.484177,1.8533058999999998,688.82605,0.0049893106
898,20.484177,1.8533058999999998,686.74506,0.0049856687
899,20.484177,1.8533058999999998,684.5819,0.0049842372999999995
900,20.484177,1.8533058999999998,682.5707,0.004982359699999999
901,20.484177,1.8533058999999998,680.72705,0.004978598
902,20.484177,1.8533088,679.1922599999999,0.0049743190000000005
903,20.484177,1.8533088,678.2756,0.0049733883
904,20.484177,1.8533058999999998,677.05005,0.004973523
905,20.484177,1.8533058999999998,675.5015,0.004973641599999999
906,20.484177,1.8533058999999998,674.5794,0.0049725664000000004
907,20.484177,1.8533058999999998,673.04364,0.0049725664000000004
908,20.484177,1.8533058999999998,670.62274,0.0049725412
909,20.484177,1.8533058999999998,667.8899,0.0049724807
910,20.484177,1.8533088,664.6803,0.0049723317
911,20.484177,1.8533088,662.01575,0.004972027
912,20.484177,1.8533058999999998,658.61615,0.0049714996
913,20.484177,1.8533058999999998,655.3910000000001,0.00497069
914,20.484177,1.8533058999999998,653.5987,0.0049695564
915,20.484177,1.8533058999999998,654.30493,0.004968077
916,20.483982,1.8533058999999998,657.47656,0.004966186
917,20.483532,1.8533058999999998,662.4216,0.004963872
918,20.48284,1.8533088,667.19836,0.0049626029999999995
919,20.481962,1.8533088,671.0162,0.004959637
920,20.480974,1.8533058999999998,673.6224,0.0049592517
921,20.479956,1.8533058999999998,675.0195,0.0049588275
922,20.478973,1.8533058999999998,674.7249,0.0049583884
923,20.478085,1.8533058999999998,672.7889,0.0049579595
924,20.47733,1.8533058999999998,661.92786,0.004957530999999999
925,20.476732000000002,1.8533058999999998,646.3519,0.0049570529999999995
926,20.484177,1.8533092,644.13367,0.004959954
927,20.484177,1.8533092,641.5985,0.0049593947
928,20.484177,1.8533058999999998,639.4831,0.004958511
929,20.483982,1.8533058999999998,639.1539,0.0049571926
930,20.483532,1.8533058999999998,638.1929299999999,0.0049553877
931,20.48284,1.8533058999999998,637.0225,0.0049530277
932,20.481962,1.8533058999999998,636.03436,0.0049500824
933,20.480974,1.8533058999999998,634.8198,0.004946587
934,20.479956,1.8533088,632.5026,0.004944168499999999
935,20.478973,1.8533088,627.075,0.0049429517
936,20.47779,1.8533058999999998,623.56396,0.004941367
937,20.47636,1.8533058999999998,630.7903,0.0049393615
938,20.474726,1.8533058999999998,650.3218,0.0049369185999999995
939,20.480854,1.8533058999999998,683.27185,0.0049376640000000005
940,20.479374,1.8533058999999998,729.59955,0.004934657
941,20.477844,1.8533058999999998,781.4926,0.0049348003
942,20.476076000000003,1.8533088,830.4706,0.004932993
943,20.474068,1.8533088,869.59656,0.0049290867
944,20.471899,1.8533058999999998,893.9175,0.0049283095
945,20.469688,1.8533058999999998,902.14435,0.0049274415
946,20.479374,1.8533058999999998,894.6786,0.004930161
947,20.47755,1.8533058999999998,793.8256,0.0049293884
948,20.475107,1.8533058999999998,747.5896,0.0049283677
949,20.471770000000003,1.8533058999999998,677.3881,0.004927003
950,20.467318,1.8533088,604.6538,0.004925177
951,20.461622,1.8533088,600.377,0.004922783
952,20.466751000000002,1.8533058999999998,596.59686,0.0049248747999999995
953,20.459917,1.8533058999999998,593.7785,0.0049216575
954,20.452791,1.8533058999999998,592.0165,0.0049185376
955,20.445848,1.8533058999999998,591.02295,0.004914142
956,20.439493,1.8533058999999998,589.7896,0.0049091772999999995
957,20.445816,1.8533058999999998,588.9333,0.004908861
958,20.453613,1.8533092,587.95654,0.004908593
959,20.462744,1.8533092,587.2166,0.004908447
960,20.473011,1.8533058999999998,587.2395,0.0049102673999999995
961,20.483885,1.8533058999999998,586.31024,0.0049123648
962,20.48262,1.8533058999999998,584.69714,0.004911745
963,20.480232,1.8533058999999998,582.98816,0.0049096523
964,20.476845,1.8533058999999998,582.0328400000001,0.004910717
965,20.472732999999998,1.8533058999999998,581.3866,0.004911636
966,20.468239999999998,1.8533088,580.6532599999999,0.0049123796999999995
967,20.46371,1.8533088,579.76886,0.0049093794
968,20.459435,1.8533058999999998,579.2234,0.0049059509999999995
969,20.455637,1.8533058999999998,577.9515,0.0049021714000000004
970,20.452482,1.8533058999999998,576.19934,0.0048981234
971,20.461456,1.8533058999999998,574.6031,0.0048991893
972,20.482298,1.8533058999999998,572.96625,0.0049055570000000005
973,20.479565,1.8533058999999998,571.1596,0.0049048383000000004
974,20.475443,1.8533088,569.2732,0.004901796
975,20.470163,1.8533088,568.0819,0.0048998957
976,20.464128,1.8533058999999998,566.2937,0.004897605
977,20.45779,1.8533058999999998,563.9874,0.004895057
978,20.451004,1.8533058999999998,562.8067599999999,0.0048922193
979,20.443956,1.8533058999999998,562.78046,0.0048891576
980,20.436668,1.8533058999999998,562.323,0.0048858915000000004
981,20.444817999999998,1.8533058999999998,561.29346,0.0048892056
982,20.460936,1.8533088,559.6035,0.00489611
983,20.453735,1.8533088,558.2949,0.0048932564000000005
984,20.457775,1.8533058999999998,557.1438,0.004895142700000001
985,20.449762,1.8533058999999998,554.5949,0.0048919185
986,20.440594,1.8533058999999998,552.874,0.0048881504
987,20.43055,1.8533058999999998,551.7876,0.004883859
988,20.443434,1.8533058999999998,550.4780000000001,0.004889252
989,20.433083,1.8533058999999998,549.5622599999999,0.0048847366
990,20.433813,1.8533092,548.70984,0.004884742
991,20.434166,1.8533092,547.9851,0.0048845117
992,20.437668,1.8533058999999998,547.3484,0.0048856223
993,20.425009,1.8533058999999998,546.0754,0.0048797256
994,20.41121,1.8533058999999998,545.2572,0.0048730834
995,20.419863,1.8533058999999998,544.5096,0.0048759207
996,20.428503,1.8533058999999998,544.0916,0.00487887
997,20.413204,1.8533058999999998,543.5143,0.004874584699999999
998,20.408176,1.8533088,542.91595,0.0048718929999999995
999,20.402185,1.8533088,542.1791400000001,0.004870253
1000,20.395187,1.8533058999999998,541.75214,0.0048683034
1001,20.398973,1.8533058999999998,541.1532599999999,0.0048696557
1002,20.402233,1.8533058999999998,540.5544,0.00487093
1003,20.381307999999997,1.8533058999999998,540.2323,0.0048648175
1004,20.382437,1.8533058999999998,540.0622,0.004865255
1005,20.383333,1.8533058999999998,539.4075,0.0048655556
1006,20.372213000000002,1.8533088,538.6994,0.0048613455
1007,20.372213000000002,1.8533088,537.4488,0.0048609890000000005
1008,20.372213000000002,1.8533058999999998,536.0552,0.004860494
1009,20.372213000000002,1.8533058999999998,534.7631,0.004859878
1010,20.372213000000002,1.8533058999999998,533.0927,0.0048591746
1011,20.372213000000002,1.8533058999999998,531.3947,0.0048584234999999995
1012,20.372213000000002,1.8533058999999998,530.1432,0.004857607700000001
1013,20.372213000000002,1.8533058999999998,529.31854,0.00485674
1014,20.372213000000002,1.8533088,529.8628,0.00485908
1015,20.372213000000002,1.8533088,530.4108,0.0048584137
1016,20.372213000000002,1.8533058999999998,530.3842,0.0048577315
1017,20.372213000000002,1.8533058999999998,530.4665,0.0048602973
1018,20.372213000000002,1.8533058999999998,529.7713,0.0048598363
1019,20.372213000000002,1.8533058999999998,528.6665,0.004859247
1020,20.372213000000002,1.8533058999999998,527.1389,0.0048585176
1021,20.372213000000002,1.8533058999999998,526.23303,0.0048576696
1022,20.372213000000002,1.8533092,525.41797,0.0048599704
1023,20.372213000000002,1.8533092,524.069,0.0048592216
1024,20.372213000000002,1.8533058999999998,522.5817,0.004858369
1025,20.372213000000002,1.8533058999999998,521.286,0.0048574036999999995
1026,20.372213000000002,1.8533058999999998,520.8846,0.0048563206
1027,20.372213000000002,1.8533058999999998,520.15497,0.0048551476
1028,20.372213000000002,1.8533058999999998,518.9078,0.0048571336
1029,20.372213000000002,1.8533058999999998,517.6484,0.0048592454
1030,20.372213000000002,1.8533088,516.5812,0.0048581595000000005
1031,20.372213000000002,1.8533088,515.3861,0.004856798
1032,20.372213000000002,1.8533058999999998,513.8438,0.0048551340000000005
1033,20.372213000000002,1.8533058999999998,511.96643,0.004853155
1034,20.372213000000002,1.8533058999999998,510.97208,0.0048540975
1035,20.372213000000002,1.8533058999999998,509.98035,0.004853345
1036,20.372213000000002,1.8533058999999998,509.37302,0.004852373
1037,20.372213000000002,1.8533058999999998,508.45078,0.004849575
1038,20.372213000000002,1.8533088,507.56094,0.0048480937
1039,20.372213000000002,1.8533088,506.68967000000004,0.0048480937
1040,20.372213000000002,1.8533058999999998,506.2956,0.0048480937
1041,20.372213000000002,1.8533058999999998,506.9433,0.0048480937
1042,20.372213000000002,1.8533058999999998,506.90587999999997,0.0048480937
1043,20.372213000000002,1.8533058999999998,506.7865,0.0048480937
1044,20.372213000000002,1.8533058999999998,506.00237999999996,0.0048480937
1045,20.372213000000002,1.8533058999999998,505.43234,0.0048481515
1046,20.372213000000002,1.8533088,504.97695999999996,0.004848318
1047,20.372035999999998,1.8533088,505.0505,0.0048486306
1048,20.37163,1.8533058999999998,503.71255,0.0048491443
1049,20.371004,1.8533058999999998,502.5087,0.004849900999999999
1050,20.370077,1.8533058999999998,502.13342,0.004850885
1051,20.368879999999997,1.8533058999999998,501.85742,0.0048520477
1052,20.367489000000003,1.8533058999999998,501.66247999999996,0.004853326
1053,20.366004999999998,1.8533058999999998,501.2768,0.0048546474
1054,20.364532,1.8533092,500.5607,0.004855974
1055,20.363157,1.8533092,499.79785,0.0048540816999999995
1056,20.36195,1.8533058999999998,500.18066,0.0048536407
1057,20.36808,1.8533058999999998,500.4427,0.0048538259999999995
1058,20.367302,1.8533058999999998,500.7272,0.00485192
1059,20.365755,1.8533058999999998,501.00482,0.004850959
1060,20.368116,1.8533058999999998,501.10332999999997,0.00485203
1061,20.3633,1.8533058999999998,501.1794,0.004852942
1062,20.35596,1.8533088,500.72677999999996,0.0048535670000000005
1063,20.346435999999997,1.8533088,499.67267000000004,0.004853892
1064,20.33507,1.8533058999999998,497.986,0.004852295
1065,20.32206,1.8533058999999998,496.07547,0.004848633
1066,20.307814,1.8533058999999998,493.40515,0.0048444364
1067,20.292553,1.8533058999999998,491.72394,0.0048397444
1068,20.287326999999998,1.8533058999999998,489.96932999999996,0.0048379498
1069,20.292866,1.8533058999999998,488.33594000000005,0.004839354000000001
1070,20.298824,1.8533088,487.71274000000005,0.0048408913000000005
1071,20.305126,1.8533088,487.60562000000004,0.0048425486
1072,20.311632,1.8533058999999998,487.38953,0.0048443037
1073,20.297,1.8533058999999998,487.53162000000003,0.004839581
1074,20.296083,1.8533058999999998,487.3317,0.004838901
1075,20.30245,1.8533058999999998,487.32547,0.0048404248
1076,20.298370000000002,1.8533058999999998,488.12158,0.0048404043
1077,20.304401000000002,1.8533058999999998,488.1542,0.0048419890000000005
1078,20.299452,1.8533088,487.7881,0.0048402823
1079,20.297242999999998,1.8533088,487.6689,0.0048404866999999996
1080,20.301506,1.8533058999999998,487.38052000000005,0.0048417067
1081,20.294693,1.8533058999999998,486.9074,0.0048395917
1082,20.292288,1.8533058999999998,486.60294000000005,0.0048388112
1083,20.283924,1.8533058999999998,486.54907000000003,0.0048361826
1084,20.274782000000002,1.8533058999999998,485.8559,0.004834847
1085,20.275667000000002,1.8533058999999998,485.13898,0.0048350096000000006
1086,20.276730999999998,1.8533092,484.16562000000005,0.004835185
1087,20.27802,1.8533092,483.355,0.0048353826
1088,20.27967,1.8533058999999998,482.52832,0.004835621
1089,20.274555,1.8533058999999998,481.99942000000004,0.0048336536
1090,20.277037,1.8533058999999998,481.54055999999997,0.0048337444
1091,20.280416,1.8533058999999998,481.02017,0.004833853
1092,20.284496,1.8533058999999998,480.2479,0.0048339576
1093,20.288982,1.8533058999999998,479.58813,0.0048355972
1094,20.293557999999997,1.8533088,479.10098,0.004835628
1095,20.297924,1.8533088,478.3698,0.004835478
1096,20.291193,1.8533058999999998,478.43295,0.004831853
1097,20.294142,1.8533058999999998,478.86965999999995,0.004831938
1098,20.289478,1.8533058999999998,479.04227000000003,0.0048300866
1099,20.29111,1.8533058999999998,478.68344,0.0048324587
1100,20.27125,1.8533058999999998,478.64294,0.0048285559999999995
1101,20.271857999999998,1.8533058999999998,478.58447,0.004830277
1102,20.27279,1.8533088,478.83408,0.00482992
1103,20.273973,1.8533088,478.8201,0.004832874
1104,20.275305,1.8533058999999998,479.1488,0.004832884
1105,20.276682,1.8533058999999998,479.40955,0.004834967700000001
1106,20.278181,1.8533058999999998,479.62747,0.0048349802
1107,20.279787,1.8533058999999998,479.75137,0.0048348387
1108,20.281433,1.8533058999999998,479.61328,0.0048345164
1109,20.283037,1.8533058999999998,479.27872,0.004834022
1110,20.273867000000003,1.8533088,479.1876,0.0048300945
1111,20.274782000000002,1.8533088,478.63138,0.004829137
1112,20.275667000000002,1.8533058999999998,478.44644000000005,0.0048281658
1113,20.276466,1.8533058999999998,478.0823,0.004830439000000001
1114,20.27715,1.8533058999999998,477.88358,0.0048297625
1115,20.27769,1.8533058999999998,477.60083,0.004832308
1116,20.270986999999998,1.8533058999999998,476.86565999999993,0.0048296386
1117,20.270986999999998,1.8533058999999998,475.8783,0.00483215
1118,20.270986999999998,1.8533092,474.82016,0.0048326346999999995
1119,20.270986999999998,1.8533092,474.33383,0.0048319059999999995
1120,20.270986999999998,1.8533058999999998,474.16534,0.0048308909999999995
1121,20.270986999999998,1.8533058999999998,473.98462,0.0048295488
1122,20.270986999999998,1.8533058999999998,472.3571,0.004828928499999999
1123,20.270986999999998,1.8533058999999998,471.3204,0.0048269485
1124,20.270986999999998,1.8533058999999998,471.1971,0.004824603
1125,20.270986999999998,1.8533058999999998,470.82037,0.004823532
1126,20.270986999999998,1.8533088,470.63097999999997,0.0048223
1127,20.270986999999998,1.8533088,470.97412,0.0048204004
1128,20.270986999999998,1.8533058999999998,471.19266,0.0048205126
1129,20.270986999999998,1.8533058999999998,471.5519,0.004820690999999999
1130,20.270986999999998,1.8533058999999998,471.62433,0.0048209676
1131,20.27075,1.8533058999999998,471.21935999999994,0.0048212920000000005
1132,20.269966,1.8533058999999998,470.68935999999997,0.0048216055
1133,20.268581,1.8533058999999998,470.06543,0.004821925
1134,20.266678,1.8533088,469.67337000000003,0.0048223104999999995
1135,20.264416,1.8533088,469.06392999999997,0.004822839000000001
1136,20.261982,1.8533058999999998,468.9064,0.004821975
1137,20.259554,1.8533058999999998,469.0417,0.0048228996000000005
1138,20.257282,1.8533058999999998,468.5539,0.004824157
1139,20.255281,1.8533058999999998,467.906,0.0048240894
1140,20.253629999999998,1.8533058999999998,467.29755,0.00482415
1141,20.26194,1.8533058999999998,467.12338,0.0048288684
1142,20.270986999999998,1.8533088,467.2304,0.0048323279999999995
1143,20.270986999999998,1.8533088,467.68317,0.0048313765
1144,20.270986999999998,1.8533058999999998,467.25836,0.004830232
1145,20.270986999999998,1.8533058999999998,466.61517000000003,0.0048289034
1146,20.270986999999998,1.8533058999999998,465.8086,0.004827378
1147,20.270986999999998,1.8533058999999998,465.26552999999996,0.004825643
1148,20.270986999999998,1.8533058999999998,465.0253,0.0048252936
1149,20.27075,1.8533058999999998,464.9093,0.004826348
1150,20.270203,1.8533092,464.89154,0.004825684199999999
1151,20.269363000000002,1.8533092,464.63300000000004,0.004824777
1152,20.2683,1.8533058999999998,464.21835,0.004825290800000001
1153,20.267101,1.8533058999999998,463.61508,0.00482256
1154,20.265863,1.8533058999999998,463.13055,0.00481961
1155,20.264671,1.8533058999999998,462.41998,0.004819744
1156,20.263594,1.8533058999999998,461.56772,0.0048200632
1157,20.262672,1.8533058999999998,461.49417,0.0048205755
1158,20.26194,1.8533088,461.75253,0.0048212553000000005
1159,20.270986999999998,1.8533088,462.7409,0.0048267779999999995
1160,20.270986999999998,1.8533058999999998,463.33716,0.0048247534
1161,20.270986999999998,1.8533058999999998,462.79922,0.0048256773
1162,20.270986999999998,1.8533058999999998,461.96872,0.0048244046
1163,20.270986999999998,1.8533058999999998,461.27216,0.0048234720000000005
1164,20.270986999999998,1.8533058999999998,460.4873,0.004824071
1165,20.270986999999998,1.8533058999999998,460.46567000000005,0.004823662
1166,20.270986999999998,1.8533088,460.79152999999997,0.004821083
1167,20.270986999999998,1.8533088,460.39205999999996,0.004821560999999999
1168,20.270986999999998,1.8533058999999998,460.293,0.0048221136
1169,20.270986999999998,1.8533058999999998,460.15067,0.0048227063
1170,20.270986999999998,1.8533058999999998,460.1249,0.0048233056
1171,20.270986999999998,1.8533058999999998,460.7262,0.0048238817
1172,20.27075,1.8533058999999998,461.47482,0.0048243245
1173,20.270203,1.8533058999999998,461.53107,0.004822969
1174,20.269363000000002,1.8533088,461.56223,0.0048197256
1175,20.2683,1.8533088,461.59295999999995,0.0048193987
1176,20.266865,1.8533058999999998,461.62424000000004,0.004819017
1177,20.264845,1.8533058999999998,461.55872,0.0048185020000000005
1178,20.262268,1.8533058999999998,460.81152000000003,0.004817831
1179,20.259285000000002,1.8533058999999998,460.0701,0.0048170188000000004
1180,20.256104,1.8533058999999998,459.08527000000004,0.0048161005
1181,20.252937,1.8533058999999998,458.53574000000003,0.0048151240000000005
1182,20.259554,1.8533092,458.05548,0.004818859
1183,20.257282,1.8533092,457.90744000000007,0.0048182285
1184,20.255281,1.8533058999999998,457.86575,0.0048154388
1185,20.253629999999998,1.8533058999999998,458.04477,0.0048136073
1186,20.26194,1.8533058999999998,458.58087,0.004815982
1187,20.270986999999998,1.8533058999999998,459.66528,0.0048203026000000005
1188,20.27075,1.8533058999999998,460.19476,0.004820219000000001
1189,20.269966,1.8533058999999998,460.47525,0.0048199315
1190,20.268581,1.8533088,460.49765,0.0048194
1191,20.266678,1.8533088,460.64697,0.004818633
1192,20.264416,1.8533058999999998,460.5842,0.0048176725
1193,20.261982,1.8533058999999998,460.667,0.0048165772999999995
1194,20.259554,1.8533058999999998,461.02935999999994,0.0048154159999999994
1195,20.257282,1.8533058999999998,460.7164,0.004814250999999999
1196,20.255281,1.8533058999999998,460.6054,0.004813141
1197,20.253629999999998,1.8533058999999998,460.1,0.004812133
1198,20.261702,1.8533088,459.78045999999995,0.004815898
1199,20.270203,1.8533088,459.6463,0.0048200157
1200,20.269126999999997,1.8533058999999998,459.43695,0.0048196036
1201,20.267517,1.8533058999999998,458.71146,0.004818962
1202,20.26548,1.8533058999999998,458.31882,0.004818111
1203,20.262941,1.8533058999999998,458.01565999999997,0.0048170159999999995
1204,20.25985,1.8533058999999998,457.67386,0.004815645
1205,20.256094,1.8533058999999998,457.12300000000005,0.0048139490000000005
1206,20.251812,1.8533088,456.64227,0.004811963
1207,20.247255,1.8533088,456.50568,0.00480977
1208,20.25228,1.8533058999999998,456.72635,0.0048121987
1209,20.248337,1.8533058999999998,456.36304,0.0048102303
1210,20.254269,1.8533058999999998,456.51538,0.004813013
1211,20.251438,1.8533058999999998,456.44055,0.0048115053
1212,20.249012,1.8533058999999998,456.54663,0.0048100995
1213,20.256407,1.8533058999999998,456.81557999999995,0.004813488
1214,20.260683,1.8533092,456.5715,0.0048155277
1215,20.267797,1.8533092,455.78952000000004,0.0048191147
1216,20.265055,1.8533058999999998,454.75882,0.00481802
1217,20.261728,1.8533058999999998,453.9795,0.0048166220000000004
1218,20.257862,1.8533058999999998,453.534,0.0048149223
1219,20.253416,1.8533058999999998,453.36185,0.004812902
1220,20.248096,1.8533058999999998,453.1472,0.0048104490000000005
1221,20.242025,1.8533058999999998,452.6501,0.0048075914
1222,20.23552,1.8533088,452.59982,0.0048044305
1223,20.238533,1.8533088,453.0257,0.004805837800000001
1224,20.251473999999998,1.8533058999999998,453.49435,0.0048121545000000005
1225,20.246006,1.8533058999999998,454.2017,0.0048095738
1226,20.240509,1.8533058999999998,454.27377,0.0048068482
1227,20.23481,1.8533058999999998,454.2718,0.004803936500000001
1228,20.238585,1.8533058999999998,454.40234000000004,0.0048056190000000006
1229,20.242832,1.8533058999999998,454.70908,0.0048075793
1230,20.257198000000002,1.8533088,454.64493,0.004814549
1231,20.253363,1.8533088,454.84115999999995,0.0048127393
1232,20.249427999999998,1.8533058999999998,454.55315999999993,0.0048107994
1233,20.245525,1.8533058999999998,454.6955,0.0048087873
1234,20.254343,1.8533058999999998,454.57935,0.0048130173
1235,20.250892999999998,1.8533058999999998,454.6811,0.004811377
1236,20.247393,1.8533058999999998,455.00545999999997,0.0048097204
1237,20.262863,1.8533058999999998,455.06857,0.0048174458
1238,20.259745000000002,1.8533088,455.33112,0.004816354
1239,20.256311,1.8533088,454.6065,0.0048151137
1240,20.252779999999998,1.8533058999999998,454.33002,0.0048137847
1241,20.249374,1.8533058999999998,454.6445,0.0048124603999999994
1242,20.255846,1.8533058999999998,454.58807,0.004815938
1243,20.253527,1.8533058999999998,454.08752000000004,0.0048151496000000005
1244,20.260970999999998,1.8533058999999998,453.73675999999995,0.004817508
1245,20.258905,1.8533058999999998,453.28802,0.0048168963
1246,20.255804,1.8533092,453.06964000000005,0.004814405999999999
1247,20.26391,1.8533092,452.76425,0.004819304
1248,20.25798,1.8533058999999998,452.7484,0.0048178885999999995
1249,20.249943,1.8533058999999998,452.9314,0.0048158476
1250,20.23976,1.8533058999999998,452.8944,0.004813136500000001
1251,20.227504999999997,1.8533058999999998,453.54324,0.004808062
1252,20.213655,1.8533058999999998,454.06982,0.004803784
1253,20.199023999999998,1.8533058999999998,454.20447,0.0047989893
1254,20.19087,1.8533088,454.09744000000006,0.004797062
1255,20.196117,1.8533088,453.69235,0.0047978885
1256,20.202536,1.8533058999999998,453.31268,0.004798915999999999
1257,20.209688,1.8533058999999998,453.07305999999994,0.0048000854
1258,20.207523000000002,1.8533058999999998,452.21896,0.00479838
1259,20.214329,1.8533058999999998,451.09817999999996,0.004799431
1260,20.220682,1.8533058999999998,450.0545,0.0048004794
1261,20.226276000000002,1.8533058999999998,449.88052000000005,0.004805009
1262,20.218616,1.8533088,450.23834000000005,0.0048034997
1263,20.204138,1.8533088,450.65372,0.0047987746
1264,20.189331,1.8533058999999998,450.45797999999996,0.0047938847
1265,20.193487,1.8533058999999998,450.9567,0.00479837
1266,20.193485,1.8533058999999998,451.1573,0.0047993367
1267,20.198332,1.8533058999999998,451.08727999999996,0.0048010642999999995
1268,20.203638,1.8533058999999998,451.16042999999996,0.0048030717
1269,20.209255,1.8533058999999998,450.68924000000004,0.0048053246
1270,20.214920000000003,1.8533088,450.11618,0.00480774
1271,20.22035,1.8533088,449.57904,0.0048102136
1272,20.20616,1.8533058999999998,449.05032,0.0048067383
1273,20.190598,1.8533058999999998,448.87454,0.004799483
1274,20.192970000000003,1.8533058999999998,448.82153,0.0048006237
1275,20.195122,1.8533058999999998,448.4055,0.0048017357
1276,20.19696,1.8533058999999998,448.1684,0.004802769
1277,20.198427,1.8533058999999998,448.73163,0.0048036845000000005
1278,20.180410000000002,1.8533092,448.9641,0.004795316599999999
1279,20.180410000000002,1.8533092,449.19534000000004,0.004795316599999999
1280,20.180410000000002,1.8533058999999998,449.54904000000005,0.004795316599999999
1281,20.180410000000002,1.8533058999999998,449.52383,0.004795316599999999
1282,20.180410000000002,1.8533058999999998,450.06435999999997,0.004795316599999999
1283,20.180410000000002,1.8533058999999998,450.57482999999996,0.004795316599999999
1284,20.180410000000002,1.8533058999999998,450.6833,0.004795316599999999
1285,20.180410000000002,1.8533058999999998,450.80147999999997,0.004795316599999999
1286,20.180410000000002,1.8533088,450.71063,0.004795316
1287,20.180410000000002,1.8533088,450.59337999999997,0.004795316
1288,20.180410000000002,1.8533058999999998,450.40814000000006,0.004795316599999999
1289,20.180410000000002,1.8533058999999998,450.28882000000004,0.004795316599999999
1290,20.180410000000002,1.8533058999999998,449.39917,0.004795316599999999
1291,20.180410000000002,1.8533058999999998,448.57764000000003,0.004795316599999999
1292,20.180410000000002,1.8533058999999998,447.72937,0.004795316599999999
1293,20.180410000000002,1.8533058999999998,447.05807000000004,0.004795316599999999
1294,20.180410000000002,1.8533088,447.1525,0.004795316
1295,20.180410000000002,1.8533088,447.52022999999997,0.004795316
1296,20.180410000000002,1.8533058999999998,447.58005,0.004795316599999999
1297,20.180410000000002,1.8533058999999998,448.22797,0.004795316599999999
1298,20.180410000000002,1.8533058999999998,448.7025,0.004795316599999999
1299,20.180410000000002,1.8533058999999998,448.75104000000005,0.004795316599999999
1300,20.180410000000002,1.8533058999999998,449.02975,0.004795316599999999
1301,20.180410000000002,1.8533058999999998,448.95232999999996,0.004795316599999999
1302,20.180410000000002,1.8533088,448.78455,0.004795316
1303,20.180410000000002,1.8533088,448.36874000000006,0.004795316
1304,20.180410000000002,1.8533058999999998,448.6663,0.004795316599999999
1305,20.180063,1.8533058999999998,448.18355999999994,0.0047952957000000004
1306,20.178997,1.8533058999999998,447.3748,0.004795245
1307,20.176636,1.8533058999999998,446.70963,0.0047951024
1308,20.172417000000003,1.8533058999999998,446.7645,0.0047947876
1309,20.1659,1.8533058999999998,446.43102999999996,0.004794218
1310,20.156837,1.8533092,445.55463,0.004793297
1311,20.145683,1.8533092,445.46752999999995,0.004792078
1312,20.132706,1.8533058999999998,446.07199999999995,0.0047905813
1313,20.118456,1.8533058999999998,446.58635999999996,0.004788893
1314,20.103754000000002,1.8533058999999998,446.99866,0.004787167
1315,20.10325,1.8533058999999998,447.7791,0.0047866753
1316,20.100535999999998,1.8533058999999998,447.8937,0.004785396
1317,20.109892000000002,1.8533058999999998,447.59036,0.004787742
1318,20.120935,1.8533088,447.9165,0.004790659
1319,20.133210000000002,1.8533088,447.70745999999997,0.0047940663
1320,20.14626,1.8533058999999998,447.23447000000004,0.0047994647
1321,20.13877,1.8533058999999998,446.91405999999995,0.004797173
1322,20.152260000000002,1.8533058999999998,446.99402000000003,0.0048012906
1323,20.152157,1.8533058999999998,446.81985,0.0048013427
1324,20.144306,1.8533058999999998,446.6056,0.004799037700000001
1325,20.146173,1.8533058999999998,446.4613,0.0047996393
1326,20.137435999999997,1.8533088,446.60547,0.0047968279999999995
1327,20.128098,1.8533088,446.48706,0.0047935587
1328,20.139132,1.8533058999999998,446.34612999999996,0.0047963443
1329,20.139631,1.8533058999999998,445.85565,0.004795842
1330,20.139282,1.8533058999999998,445.34714,0.0047950093
1331,20.127237,1.8533058999999998,444.62195,0.004790537
1332,20.113829,1.8533058999999998,444.87497,0.004785545
1333,20.120882,1.8533058999999998,445.0208,0.0047867964
1334,20.128689,1.8533088,445.23565999999994,0.0047883755
1335,20.116076,1.8533088,445.21945,0.0047869748
1336,20.103073000000002,1.8533058999999998,445.26447,0.0047856523
1337,20.110879999999998,1.8533058999999998,445.43027,0.0047893412
1338,20.119097,1.8533058999999998,445.78735,0.0047917888
1339,20.116652,1.8533058999999998,446.0163,0.004791065
1340,20.124084,1.8533058999999998,445.96932999999996,0.004793426
1341,20.131153,1.8533058999999998,446.5591,0.0047957893
1342,20.123991,1.8533092,446.79166,0.0047938186
1343,20.109072,1.8533092,447.3323,0.0047893613
1344,20.100292,1.8533058999999998,447.61276,0.0047866665
1345,20.098029999999998,1.8533058999999998,447.90524000000005,0.0047859238
1346,20.102686,1.8533058999999998,448.2321,0.0047873156
1347,20.100873999999997,1.8533058999999998,448.20435,0.0047867233
1348,20.106586,1.8533058999999998,447.8296,0.0047884053000000005
1349,20.113004999999998,1.8533058999999998,447.29263,0.0047903320000000004
1350,20.10961,1.8533088,447.07565,0.0047892444
1351,20.116846,1.8533088,447.15332,0.004791408
1352,20.10322,1.8533058999999998,447.1826,0.004787179
1353,20.110266,1.8533058999999998,446.9995,0.004789234
1354,20.118073000000003,1.8533058999999998,446.91292999999996,0.0047915713
1355,20.126503,1.8533058999999998,446.67602999999997,0.0047941618
1356,20.128657999999998,1.8533058999999998,446.4824,0.0047948537
1357,20.117205,1.8533058999999998,445.93942000000004,0.004791303
1358,20.116032,1.8533088,445.959,0.004790821
1359,20.125378,1.8533088,446.51144000000005,0.004793607
1360,20.118835,1.8533058999999998,446.2284,0.0047916113
1361,20.127492999999998,1.8533058999999998,446.3737,0.0047942963
1362,20.136387,1.8533058999999998,446.84412000000003,0.0047971425
1363,20.124338,1.8533058999999998,447.23672,0.00479358
1364,20.122265,1.8533058999999998,447.81235,0.00479298
1365,20.123856,1.8533058999999998,447.97585999999995,0.0047934679999999995
1366,20.111992,1.8533088,448.2685,0.004789744
1367,20.111145,1.8533088,448.37255999999996,0.0047892584
1368,20.12225,1.8533058999999998,448.21027000000004,0.0047923843
1369,20.134860999999997,1.8533058999999998,447.95775999999995,0.0047960393
1370,20.14873,1.8533058999999998,448.22092000000004,0.004800175
1371,20.142279000000002,1.8533058999999998,448.15924,0.004798153
1372,20.145767000000003,1.8533058999999998,447.7388,0.0047991886
1373,20.149148999999998,1.8533058999999998,447.36047,0.0048002545
1374,20.152569,1.8533092,446.77734000000004,0.004801372
1375,20.155912,1.8533092,446.96243,0.004802506
1376,20.1482,1.8533058999999998,447.70963,0.004800299
1377,20.139164,1.8533058999999998,447.92908,0.0047976924
1378,20.129107,1.8533058999999998,447.8511,0.004794741
1379,20.139704000000002,1.8533058999999998,447.3277,0.0047981087
1380,20.129535999999998,1.8533058999999998,447.53815,0.0047951895
1381,20.129309,1.8533058999999998,448.1261,0.004795334
1382,20.139353,1.8533088,448.8512,0.0047987540000000006
1383,20.127995000000002,1.8533088,448.81244000000004,0.004795759
1384,20.11564,1.8533058999999998,449.0396,0.0047924668
1385,20.116777,1.8533058999999998,449.29752,0.0047933970000000005
1386,20.125002,1.8533058999999998,449.21783,0.0047957837
1387,20.13325,1.8533058999999998,449.02133,0.004799427
1388,20.120108,1.8533058999999998,449.8705,0.0047968575
1389,20.105898,1.8533058999999998,450.39,0.0047941627
1390,20.112036,1.8533088,450.11127,0.0047965287
1391,20.107770000000002,1.8533088,449.64313,0.0047959457
1392,20.114023,1.8533058999999998,448.8851,0.0048002116
1393,20.120682000000002,1.8533058999999998,447.65845,0.004804884000000001
1394,20.106308,1.8533058999999998,446.99265,0.0048003379999999995
1395,20.101734,1.8533058999999998,446.88657,0.004798529
1396,20.10766,1.8533058999999998,446.52994,0.004799739
1397,20.113854999999997,1.8533058999999998,445.86675999999994,0.0048009185
1398,20.112946,1.8533088,445.66402999999997,0.0047998405
1399,20.108387,1.8533088,445.41144,0.004797528
1400,20.109138,1.8533058999999998,445.4406,0.004796761
1401,20.11543,1.8533058999999998,445.37244000000004,0.004797720399999999
1402,20.100842,1.8533058999999998,445.36217999999997,0.0047923094
1403,20.10645,1.8533058999999998,446.0223,0.0047960454
1404,20.111977,1.8533058999999998,446.67093,0.0048001613
1405,20.106714,1.8533058999999998,447.26807,0.0047998596
1406,20.104685,1.8533092,447.93094,0.004800159
1407,20.109724,1.8533092,448.75237999999996,0.0048017357
1408,20.114998,1.8533058999999998,448.80792,0.0048034246999999995
1409,20.099370999999998,1.8533058999999998,448.293,0.0047986545
1410,20.093555,1.8533058999999998,447.59418,0.004796786
1411,20.098064,1.8533058999999998,447.32333,0.0047980836
1412,20.102646,1.8533058999999998,447.19492,0.004799474000000001
1413,20.107020000000002,1.8533058999999998,446.899,0.0048008827
1414,20.110958,1.8533088,446.8944,0.0048022415
1415,20.107257999999998,1.8533088,446.93082000000004,0.0048013087
1416,20.088545,1.8533058999999998,447.26883,0.0047956959999999995
1417,20.089563000000002,1.8533058999999998,447.67562999999996,0.0047960673
1418,20.090376000000003,1.8533058999999998,448.03027000000003,0.0047964267
1419,20.080435,1.8533058999999998,448.20305999999994,0.0047935
1420,20.080435,1.8533058999999998,448.26883,0.0047936225
1421,20.080435,1.8533058999999998,448.52338,0.0047937864000000005
1422,20.080435,1.8533088,448.26334,0.004793981
1423,20.080435,1.8533088,447.90845,0.004794195
1424,20.080435,1.8533058999999998,447.4379,0.004794414
1425,20.080435,1.8533058999999998,447.15405,0.0047946596
1426,20.080435,1.8533058999999998,447.0246,0.0047949342999999995
1427,20.080435,1.8533058999999998,447.54114000000004,0.004795275
1428,20.080435,1.8533058999999998,447.04623,0.0047939923
1429,20.080435,1.8533058999999998,446.58054000000004,0.004794502
1430,20.080435,1.8533088,446.56302,0.0047951797
1431,20.080435,1.8533088,446.92055999999997,0.0047959858
1432,20.080435,1.8533058999999998,447.24987999999996,0.0047968742
1433,20.080952,1.8533058999999998,447.7263,0.0047979094
1434,20.08215,1.8533058999999998,447.94162,0.004799093
1435,20.083988,1.8533058999999998,448.11594,0.004798655
1436,20.086325,1.8533058999999998,448.15558,0.0047999485
1437,20.089470000000002,1.8533058999999998,448.6298,0.0047990805
1438,20.0939,1.8533092,450.0062,0.004797165999999999
1439,20.099821,1.8533092,450.89212000000003,0.0047989464
1440,20.106981,1.8533058999999998,451.9031,0.0048011728000000005
1441,20.115429000000002,1.8533058999999998,452.2225,0.0048038659999999995
1442,20.125044,1.8533058999999998,452.06677,0.004806998
1443,20.114485000000002,1.8533058999999998,451.65564000000006,0.0048040159999999995
1444,20.124883999999998,1.8533058999999998,452.1312,0.004807532
1445,20.13601,1.8533058999999998,452.43542,0.004810285300000001
1446,20.147303,1.8533088,452.51415999999995,0.0048143794
1447,20.137005,1.8533088,451.80264000000005,0.0048120036
1448,20.124983,1.8533058999999998,451.50097999999997,0.004809083
1449,20.1223,1.8533058999999998,450.9022,0.004807205399999999
1450,20.129576,1.8533058999999998,450.52356,0.0048100133
1451,20.115945999999997,1.8533058999999998,450.3111,0.0048063540000000005
1452,20.112724,1.8533058999999998,451.1407,0.0048056670000000004
1453,20.110521,1.8533058999999998,451.63223,0.0048015495
1454,20.11332,1.8533088,451.9247,0.0048020417
1455,20.11476,1.8533088,452.2523,0.004801973
1456,20.128946,1.8533058999999998,452.9234,0.0048057279999999996
1457,20.146189,1.8533058999999998,453.02597000000003,0.004810411
1458,20.16627,1.8533058999999998,452.8168,0.0048160013
1459,20.167501,1.8533058999999998,452.31537000000003,0.0048158495
1460,20.191005999999998,1.8533058999999998,451.47905999999995,0.004822483
1461,20.19541,1.8533058999999998,450.64865,0.004823313
1462,20.200947,1.8533088,450.1391,0.0048258407
1463,20.207907000000002,1.8533088,449.35965,0.004827372
1464,20.216524,1.8533058999999998,448.75388,0.004829325
1465,20.217379,1.8533058999999998,448.315,0.0048288275
1466,20.229254,1.8533058999999998,448.46157999999997,0.0048316484
1467,20.223743,1.8533058999999998,449.15407999999996,0.0048291422
1468,20.238152,1.8533058999999998,449.5508,0.0048336796
1469,20.254148,1.8533058999999998,450.27855999999997,0.0048389086
1470,20.265038,1.8533092,449.98495,0.004843755999999999
1471,20.263872,1.8533092,449.79514000000006,0.00484321
1472,20.267572,1.8533058999999998,449.5954,0.0048448443
1473,20.266776999999998,1.8533058999999998,449.6112,0.004844416
1474,20.266057999999997,1.8533058999999998,450.09674,0.0048439573
1475,20.265204999999998,1.8533058999999998,450.31235,0.004843412
1476,20.264172,1.8533058999999998,450.05902000000003,0.004842768
1477,20.269363000000002,1.8533058999999998,449.7536,0.0048449747
1478,20.2683,1.8533088,450.12942999999996,0.004844385
1479,20.267101,1.8533088,450.8358,0.004843697
1480,20.265627,1.8533058999999998,450.46646,0.0048428327
1481,20.26389,1.8533058999999998,449.31183,0.0048417863
1482,20.261969,1.8533058999999998,448.67572,0.0048420005
1483,20.259987,1.8533058999999998,448.314,0.0048406646
1484,20.258057,1.8533058999999998,448.22397,0.0048390906
1485,20.265863,1.8533058999999998,448.58713,0.004841675
1486,20.264671,1.8533088,448.87012000000004,0.004839909
1487,20.263594,1.8533088,449.49374000000006,0.0048378566
1488,20.262672,1.8533058999999998,449.4783,0.004835568
1489,20.26194,1.8533058999999998,450.16925,0.004834533
1490,20.270986999999998,1.8533058999999998,450.90112,0.004837838
1491,20.270986999999998,1.8533058999999998,451.66205,0.0048355316
1492,20.270986999999998,1.8533058999999998,452.21146,0.0048349295
1493,20.270986999999998,1.8533058999999998,452.95374000000004,0.004835228
1494,20.270986999999998,1.8533088,453.09735,0.004835525
1495,20.270986999999998,1.8533088,452.4451,0.0048358077
1496,20.271117999999998,1.8533058999999998,452.40117999999995,0.0048361043
1497,20.271423000000002,1.8533058999999998,452.6071,0.0048349765
1498,20.271889,1.8533058999999998,452.54584000000006,0.0048342566
1499,20.272482,1.8533058999999998,452.15494,0.0048344764
1500,20.273148000000003,1.8533058999999998,452.4086,0.0048347386
1501,20.273832000000002,1.8533058999999998,453.25977,0.004835026
1502,20.27476,1.8533092,453.72073,0.0048353802
1503,20.275967,1.8533092,453.7054,0.00483581
1504,20.277411999999998,1.8533058999999998,453.53275,0.0048363325
1505,20.279003,1.8533058999999998,453.0937,0.004836938
1506,20.275479999999998,1.8533058999999998,452.18417,0.0048352727000000005
1507,20.277262,1.8533058999999998,451.30457,0.0048359
1508,20.27921,1.8533058999999998,450.6804,0.004836623
1509,20.2812,1.8533058999999998,449.90637000000004,0.004837403499999999
1510,20.283112,1.8533088,449.0467,0.0048381990000000005
1511,20.285107,1.8533088,448.57205,0.00483903
1512,20.277063000000002,1.8533058999999998,448.50565,0.0048367158
1513,20.280276999999998,1.8533058999999998,449.35388,0.004837698
1514,20.284618,1.8533058999999998,449.88162,0.0048375227
1515,20.289797,1.8533058999999998,450.34047999999996,0.004838998
1516,20.288841,1.8533058999999998,450.66312,0.0048386906
1517,20.29547,1.8533058999999998,451.28745,0.0048408345
1518,20.302570000000003,1.8533088,452.25037000000003,0.00484337
1519,20.309698,1.8533088,452.70392000000004,0.004846235
1520,20.316437,1.8533058999999998,452.7223,0.0048493603
1521,20.311770000000003,1.8533058999999998,452.62372,0.0048493682
1522,20.295092,1.8533058999999998,452.3956,0.0048459014
1523,20.28743,1.8533058999999998,452.4307,0.0048452998
1524,20.289478,1.8533058999999998,452.63757000000004,0.00484784
1525,20.29111,1.8533058999999998,453.02036,0.0048475876
1526,20.270986999999998,1.8533088,453.53725999999995,0.004842076
1527,20.270986999999998,1.8533088,454.53577,0.0048427240000000005
1528,20.270986999999998,1.8533058999999998,455.35944000000006,0.0048435107
1529,20.270986999999998,1.8533058999999998,455.84607,0.004842994000000001
1530,20.270986999999998,1.8533058999999998,455.78665,0.004842519799999999
1531,20.270986999999998,1.8533058999999998,455.68445,0.004843554
1532,20.270986999999998,1.8533058999999998,455.0993,0.0048462045
1533,20.27125,1.8533058999999998,455.0114,0.0048462627
1534,20.271857999999998,1.8533092,454.40252999999996,0.004846404
1535,20.27279,1.8533092,453.97232,0.004846632
1536,20.273973,1.8533058999999998,453.73815999999994,0.0048469375
1537,20.275305,1.8533058999999998,453.91455,0.004847301599999999
1538,20.276682,1.8533058999999998,453.86804000000006,0.004847700999999999
1539,20.278006,1.8533058999999998,453.80554000000006,0.0048481124
1540,20.279207,1.8533058999999998,453.8024,0.004848514
1541,20.280231,1.8533058999999998,453.4835,0.0048488877
1542,20.281572,1.8533088,453.25284000000005,0.004849335
1543,20.272728,1.8533088,453.30962999999997,0.004846604
1544,20.274593,1.8533058999999998,453.25937000000005,0.004847061
1545,20.276962,1.8533058999999998,453.13403,0.0048476732
1546,20.279625,1.8533058999999998,453.2588,0.004848464
1547,20.282375,1.8533058999999998,452.88007000000005,0.0048494359999999995
1548,20.285027,1.8533058999999998,452.12395999999995,0.004850618
1549,20.28743,1.8533058999999998,451.82437000000004,0.004852015
1550,20.289478,1.8533088,451.28134000000006,0.0048536463
1551,20.29111,1.8533088,450.88498,0.0048555316999999995
1552,20.270986999999998,1.8533058999999998,451.69772,0.0048510972
1553,20.270986999999998,1.8533058999999998,452.33603,0.004853087
1554,20.270986999999998,1.8533058999999998,453.0348,0.0048554647
1555,20.270986999999998,1.8533058999999998,453.53792999999996,0.0048582107
1556,20.270986999999998,1.8533058999999998,453.37653,0.004857758
1557,20.270986999999998,1.8533058999999998,453.61652000000004,0.004859713
1558,20.270986999999998,1.8533088,453.83755,0.0048595355
1559,20.270986999999998,1.8533088,453.7956,0.0048611523
1560,20.270986999999998,1.8533058999999998,452.76248,0.0048611523
1561,20.270986999999998,1.8533058999999998,452.26482999999996,0.0048611523
1562,20.270986999999998,1.8533058999999998,452.04287999999997,0.0048611523
1563,20.271117999999998,5.266299,452.66238,0.004861181
1564,20.271599,17.963928,453.64432,0.0048613073
1565,20.272644,44.015083000000004,454.36785999999995,0.0048616296
1566,20.274395000000002,83.988396,455.42287999999996,0.0048622890000000005
1567,20.277128,135.22527,456.6727,0.004863511
1568,20.281166,193.12978999999999,458.60495,0.004865598400000001
1569,20.28691,252.53671,461.6775,0.004868884
1570,20.294704,308.80365,465.39792,0.004873663
1571,20.304764000000002,358.33115,469.2059,0.0048801545
1572,20.317291,398.89804,473.07742,0.004888526
1573,20.327114,414.08057,477.01995999999997,0.004897256
1574,20.33758,412.5467,481.5698,0.0049064085
1575,20.350595000000002,409.87503,485.48727,0.0049165217
1576,20.368292,407.8453,488.15905999999995,0.0049264557
1577,20.380326999999998,406.4317,489.97244000000006,0.0049338713
1578,20.39361,405.07300000000004,491.8233,0.0049394583
1579,20.404606,403.84337999999997,493.48398,0.0049450765
1580,20.418402,402.7585,494.5976,0.0049524927
1581,20.435129999999997,402.45867999999996,496.0383,0.004961848
1582,20.449223,402.45468,498.0213,0.0049707764
1583,20.464573,402.35297,499.4922,0.0049799774
1584,20.485257999999998,402.07403999999997,500.9072,0.0049916035
1585,20.499626,401.7442,502.93344,0.0049992990000000005
1586,20.509432,402.5081,506.05245999999994,0.005006094
1587,20.52265,403.4366,509.49935999999997,0.005013107
1588,20.539528,404.89276,513.3496,0.005019812
1589,20.560053,406.33527000000004,516.7037,0.005028383
1590,20.584253,408.09744,520.2555,0.0050391764
1591,20.601273000000003,409.79703,524.4966400000001,0.005049062
1592,20.610529,411.34024,529.2688,0.0050556306
1593,20.627851,412.6664,533.9184,0.0050641209999999996
1594,20.642857,413.37317,538.8842,0.0050752023
1595,20.660861999999998,413.60892,544.55597,0.005088578
1596,20.671307000000002,414.0148,551.9466,0.005099632
1597,20.679342000000002,414.69794,560.69604,0.0051126727
1598,20.695742000000003,415.7078,570.4125,0.005131266
1599,20.71561,417.01782000000003,581.9492,0.0051488834
1600,20.728535,418.54425,590.68665,0.0051589804
1601,20.745075,420.17562999999996,602.45013,0.005183231
1602,20.765507,421.79895,616.3146,0.0052057990000000005
1603,20.783554000000002,423.31784000000005,629.0836,0.005225525
1604,20.802156,424.18948,638.96844,0.0052451114
1605,20.819513,425.20425,648.9680000000001,0.0052624126
1606,20.835516000000002,425.8016,657.4153,0.0052702497
1607,20.855164000000002,425.8016,666.14716,0.0052847695
1608,20.878735,425.8016,675.5105599999999,0.005307415500000001
1609,20.895494,425.8016,685.91046,0.0053193127
1610,20.90498,425.8016,694.4425,0.0053276059999999995
1611,20.924774,425.8016,704.07135,0.005347081500000001
1612,20.940701999999998,425.8016,714.3749,0.0053607454
1613,20.953428,425.8016,724.50385,0.0053703277
1614,20.974552,425.8016,734.8292,0.0053862403
1615,20.992307999999998,425.8016,743.4029,0.005393094
1616,21.003292000000002,425.8016,752.00256,0.00539996
1617,21.00731,425.8016,760.5209,0.0054069143
